sampled_date,PCI,H2,sample_weight,TDC_PHD.TIC_22019_max,TDC_PHD.TDI_22021.AUXSUMMERA_mean,TDC_PHD.PIC_22041_mean,prop_10% vol,TDC_PHD.FIC_22004_max,TDC_PHD.FI_22013_min,TDC_PHD.FIC_22004_std,TDC_PHD.TIC_22015_mean,TDC_PHD.FIC_22001_min,TDC_PHD.TDI_22021.AUXSUMMERA_min,TDC_PHD.FIC_22001_mean,prop_Aromáticos,TDC_PHD.TIC_22011_max,prop_70% vol,prop_60% vol,prop_Parafínicos,TDC_PHD.TIC_22011_mean,TDC_PHD.FI_22013_mean,prop_Punto Final,TDC_PHD.TIC_22015_std,TDC_PHD.FIC_22004_min,TDC_PHD.TDI_22009.AUXSUMMERA_max,TDC_PHD.TIC_22004_min,TDC_PHD.PIC_22041_min,prop_40% vol,prop_80% vol,TDC_PHD.PIC_22041_std,prop_50% vol,TDC_PHD.TDI_22009.AUXSUMMERA_min,TDC_PHD.TDI_22021.AUXSUMMERA_max,TDC_PHD.TIC_22019_min,TDC_PHD.TDI_22009.AUXSUMMERA_std,TDC_PHD.TDI_22017.AUXSUMMERA_std,TDC_PHD.TIC_22015_min,TDC_PHD.PIC_22041_max,prop_95% vol,prop_Vol . Recuperado,TDC_PHD.TDI_22009.AUXSUMMERA_mean,prop_Residuo,TDC_PHD.TDI_22013.AUXSUMMERA_std,TDC_PHD.TIC_22011_min,prop_Vol. Evaporado a 70 °C,TDC_PHD.TDI_22017.AUXSUMMERA_min,prop_Pérdidas,prop_5% vol,prop_Nafténicos,TDC_PHD.FIC_22004_mean,TDC_PHD.FIC_22001_max,TDC_PHD.FI_22013_max,TDC_PHD.TI_22030_std,TDC_PHD.TIC_22004_std,prop_30% vol,TDC_PHD.TDI_22013.AUXSUMMERA_min,prop_Azufre,TDC_PHD.TI_22030_min,TDC_PHD.TI_22030_mean,prop_Benceno,TDC_PHD.TDI_22013.AUXSUMMERA_mean,TDC_PHD.TIC_22004_max,prop_90% vol,prop_Densidad a 15ºC,prop_Nitrógeno,TDC_PHD.TDI_22017.AUXSUMMERA_max,TDC_PHD.TDI_22013.AUXSUMMERA_max,prop_IBP,prop_Olefinas,TDC_PHD.TDI_22017.AUXSUMMERA_mean,TDC_PHD.TIC_22004_mean,TDC_PHD.TIC_22015_max,TDC_PHD.TIC_22019_std,TDC_PHD.TIC_22019_mean,TDC_PHD.TDI_22021.AUXSUMMERA_std,TDC_PHD.FI_22013_std,prop_20% vol,TDC_PHD.TIC_22011_std,TDC_PHD.TI_22030_max,TDC_PHD.FIC_22001_std
2024-06-02 07:00:00,3444.5299999999997,93.6,1.0,499.38395,37.18944533333333,3.7525773333333334,,23192.43054,10171.48682,73.3432045159946,498.9015386666667,37.49495,36.59233,37.82927433333334,,499.57196,,,,499.0370526666667,10425.920408,,0.27830192391080955,22893.27612,94.16632,498.29535,3.73972,,,0.005035229739651867,,92.90849,37.67998,498.29761,0.3367021575869363,0.2149591805780852,498.42119,3.76559,,,93.65245183333333,,0.25626149382518165,498.32407,,49.04572,,,,23032.11845883333,37.9711,10700.94592,0.049070855808737386,0.39466324626947985,,65.04921,,28.62586,28.72255983333333,,65.55321833333333,499.64778,,,,49.98386,66.01669,,,49.45594066666667,499.08943,499.49591,0.23836772258932343,498.96831933333334,0.21994902597806554,123.1495333273054,,0.29707434403011435,28.82243,0.09785600717496083
2024-06-04 07:00:00,3489.02,93.2,1.0,501.49031,37.25584666666667,3.7439685000000003,,23174.02649,9861.64661,63.25075422476871,500.9666286666667,37.13916,36.48492,37.73229233333333,,501.54949,,,,501.0455915,10078.460358,,0.3637386594211666,22887.54102,92.52286,500.70136,3.73504,,,0.005805920071905568,,91.78691,37.83944,500.19269,0.20400334720584207,0.32968021777877177,500.3158,3.75611,,,92.21101,,0.23835431963596818,500.37914,,48.71844,,,,23025.243280166665,37.98296,10416.23779,0.03689832489384534,0.1822157399664317,,62.8371,,24.73573,24.813382833333332,,63.33575583333333,501.44824,,,,49.96721,63.89247,,,49.2328995,501.08155999999997,501.52182,0.28751332011485947,500.9871885,0.30305497698740363,115.24175664064286,,0.27558992281781114,24.88374,0.18979078595061089
2024-06-06 07:00:00,3517.6600000000003,93.0,1.0,502.74176,37.16016333333334,3.7505025,,23109.11979,9898.86426,42.33222846277468,502.0646663333334,37.79097,36.57651,38.014388833333335,,502.35432,,,,502.0015905,10088.847781333334,,0.2115199164318751,22901.08093,93.23814,501.26963,3.73797,,,0.004138962706782402,,92.33514,38.01885,501.55906,0.180999705576038,0.19980421092224107,501.62571,3.75771,,,92.93352683333333,,0.136159312968385,501.65714,,49.70364,,,,23004.265338,38.18454,10299.57251,0.03735189376301326,0.1891379677653205,,60.81828,,28.675,28.72102466666667,,61.07025733333333,502.2172,,,,50.45415,61.41928,,,50.13077166666667,501.9020193333333,502.51334,0.2511792311227907,501.9786148333333,0.306008200807727,78.29993895026037,,0.12724948014845422,28.82243,0.08499186204496564
2024-06-09 07:00:00,3586.39,92.6,1.0,504.48114,37.940561,3.7195616666666664,,23107.31128,9814.3916,37.16986965545166,504.0487101666667,37.82185,37.33949,37.958383166666664,,504.60633,,,,504.0447546666667,10116.9649585,,0.13826492575194774,22954.18164,89.09695,503.66933,3.71041,,,0.00423813564970621,,88.59265,38.59427,503.49516,0.12020548408329854,0.14729486043212056,503.83207,3.72903,,,88.88346783333333,,0.28934106177277685,503.63895,,49.57585,,,,23021.5021255,38.14743,10359.7334,0.08641576515953539,0.12666463124506877,,57.39352,,30.58994,30.793607833333333,,57.928844000000005,504.19071,,0.7581,,50.12711,58.46368,,,49.82819233333333,503.9257981666667,504.35041,0.25702793688668063,504.00981433333334,0.30736972927884265,125.41990107787241,,0.28151835729327357,30.93329,0.058789915700802595
2024-06-11 07:00:00,3574.5800000000004,92.7,1.0,507.52586,37.76198433333333,3.7202501666666667,,23189.83118,5786.01367,86.6756272154202,507.001864,37.75409,36.82835,37.949259833333336,10.0,507.50856,,,47.7,506.9670856666667,7544.0679119999995,,0.20948718832393723,22841.66492,90.73895,506.64504,3.69045,,,0.016888590922915347,,89.8534,38.45557,506.0246,0.285387228037373,0.258785235202172,506.48694,3.74594,,,90.2889695,,0.18763274039492014,506.65884,,49.33185,,,42.2,23030.684962666666,38.19978,9366.09784,0.22716611881702334,0.2679217828107368,,53.87918,,25.08721,25.508796500000003,0.01,54.393663833333335,507.53262,,0.7569,,50.31696,54.67072,,0.1,49.700658,507.0770215,507.51666,0.32987081617807057,507.06178966666664,0.3479202242057979,1262.8575690667144,,0.2105938071374203,25.90684,0.1060422989395272
2024-06-13 07:00:00,3701.77,91.3,1.0,512.68158,38.92991516666667,3.700752,,23106.78174,8302.0874,40.59470268009968,512.0422901666667,37.88647,38.29456,38.01633116666667,,512.32904,,,,511.96502183333337,8505.659857333334,,0.18193911042808852,22916.47461,87.55023,511.55429,3.68535,,,0.006838177673788857,,86.94035,39.77264,511.33289,0.1492855151633878,0.1856487651583783,511.61011,3.71376,,,87.27780116666666,,0.2028960129618603,511.55902,,49.89819,,,,23000.9725005,38.1415,8676.46484,0.04299959155600268,0.13031144487116988,,51.83167,0.0,31.71769,31.7967135,,52.27206233333333,512.12799,,0.7581,0.0,50.78964,52.64105,,,50.4275705,511.89455,512.41737,0.3441412845314612,511.94784216666665,0.37884090792879177,87.88660319284833,,0.21254496075102763,31.96271,0.05457998661866347
2024-06-16 07:00:00,3595.73,92.9,1.0,509.41533,37.52754566666667,3.7150095,,23078.79883,8263.84375,64.1654249600348,498.85659849999996,37.38977,36.58075,37.9607215,,499.39354,,,,499.015135,8547.728243,,0.3722300734252005,22810.92627,93.97855,498.6875,3.68424,,,0.014378935797235166,,92.33912,38.12872,508.02544,0.4909036243676144,0.5886596937786259,498.25215,3.74035,,,93.12038283333332,,0.8490005872427531,498.63592,,42.68406,,,,22966.169943,38.20542,8916.87665,0.11258753494993136,0.206441177638423,,67.28561,,26.73194,26.884559,,68.11329066666666,499.50699,,0.758,,45.30669,70.14636,,,43.371448666666666,499.1238358333333,499.63878,0.3475936859662361,508.8879186666666,0.40894370333769187,184.4415565967467,,0.1634177446384504,27.24881,0.19527848242372206
2024-06-18 07:00:00,3594.35,92.6,1.0,500.72719,36.406297,3.703816666666667,,23118.35156,8574.60938,51.60859811133778,500.034001,37.79401,35.45875,37.968524333333335,10.7,500.35348,,,49.3,500.03479116666665,8930.367022833332,,0.29084033692976674,22876.75977,72.02246,499.81497,3.68742,,,0.006816924518212552,,71.37756,37.18549,499.05382,0.16621575224281815,0.2478986491643602,499.57587,3.71682,,,71.6937425,,0.20661315371758132,499.63183,,53.96909,,,40.0,22992.712673500002,38.05816,9156.41602,0.08697566786355194,0.10577118645753958,,72.05762,,28.38009,28.525302166666666,0.01,72.44695583333333,500.22482,,0.7579,,55.22677,72.81689,,0.1,54.485219666666666,500.0345703333333,500.86697,0.42407132164945244,500.0051355,0.46702978986501004,138.1765429436131,,0.17664605970832142,28.675,0.055187918948381424
2024-06-20 07:00:00,3630.73,92.5,1.0,505.71216,38.68103683333333,3.724178833333333,,23103.60278,7142.4104,104.80291869899656,504.96496583333334,37.87373,37.98468,38.018767000000004,,505.45853,,,,504.894796,7731.2040435,,0.29407255184178893,22755.34961,86.75128,503.96927,3.70228,,,0.011214611245847276,,83.84277,39.4855,504.05928,1.1087655314091418,0.3849530887135994,504.49088,3.74407,,,85.41891783333334,,0.3786784631834156,504.56027,,53.78415,,,,22979.313766,38.12307,8179.81912,0.057249574922312405,0.36073380219836704,,60.72296,0.0,28.52756,28.611931833333333,,61.421034166666665,505.22354,,0.758,0.0,55.26137,62.17691,,,54.35148683333333,504.592417,505.77206,0.35706541920569307,504.829648,0.42018895095345127,330.9868102095236,,0.23243055902823068,28.72415,0.05771477351920308
2024-06-23 07:00:00,3879.04,89.6,1.0,510.14451,54.863471,3.704189,,23086.59583,2400.01683,34.78446293103528,509.22998533333333,39.77467,54.04785,39.949051833333336,,509.96359,,,,509.1610706666667,2685.0709046666666,,0.3373685168490007,22946.03442,59.1737,508.7497,3.69522,,,0.0054260500663036474,,57.77463,55.89832,508.36558,0.3401327611499091,0.2543653330564222,508.66372,3.71401,,,58.398244,,0.24793531675939848,508.56309,,46.963,,,,23024.98011483333,40.1425,3003.97034,0.06453177712796826,0.44902971290409593,,41.91356,,28.96983,29.093778166666667,,42.48328016666667,510.59107,,0.7608,,48.00377,42.99264,,,47.41040366666667,509.44573733333334,510.00483,0.41509277960157726,509.2017165,0.4448592166589773,143.34298185391103,,0.34776573890893325,29.21546,0.06812264355101563
2024-06-25 07:00:00,5507.469999999999,81.1,1.0,521.26843,54.741993666666666,3.8528298333333333,,27869.49414,2864.01245,100.21187322320314,520.8705725,39.78521,54.36172,40.0987365,10.7,521.13245,,,50.2,520.9707818333333,2980.850378166667,,0.20965036227524853,27480.47607,46.4692,514.08523,3.84558,,,0.0034110133151540388,,45.53958,55.11276,520.49188,0.22501546921562765,0.2397711914623065,520.45929,3.86079,,,46.009189666666664,,0.12103378464927006,520.69598,,33.91849,,,39.1,27728.947025333335,40.3479,3110.23425,0.05158895326805609,0.18115604004570765,,30.63571,,28.18344,28.288629166666666,0.01,30.8642835,514.78625,,0.7585,,35.13876,31.15189,,0.1,34.458077,514.3833908333334,521.41341,0.19885530911735508,520.9565595,0.18641084719626697,54.91419628569632,,0.11218727412788877,28.33093,0.12982049998501002
2024-06-27 07:00:00,4621.83,83.6,1.0,522.49914,42.041495166666664,4.099893833333334,,33464.38379,1270.75012,66.31383907286904,521.9951623333333,39.79434,41.51641,39.94911166666667,,521.23553,,,,520.991474,1349.3484003333333,,0.12638854468804717,33188.58057,38.00403,514.74634,4.0856,,,0.007803763779376784,,37.24191,42.68688,521.49228,0.18755809173042584,0.15701858519346557,521.75479,4.12033,,,37.617556,,0.13482891509106307,520.82588,,22.1947,,,,33277.37037016667,40.07691,1420.60449,0.07123455474796722,0.16104935995730355,,22.75653,0.0,27.45795,27.642237166666668,,23.109816666666667,515.42808,,0.7582,0.0,22.89862,23.36664,,,22.628887666666667,515.0383788333334,522.18389,0.2795030031995554,521.9977708333333,0.3162603229292184,38.44838256220666,,0.10897624387683086,27.79001,0.07160572075353339
2024-06-30 07:00:00,4013.66,89.0,1.0,517.35278,18.2965285,3.8059163333333337,,25533.77087,3317.22131,125.05068695044181,516.7532576666666,39.68883,17.78821,39.895196166666665,,517.20276,,,,516.8650565,4141.136520666666,,0.25211534456265516,24961.21899,77.18765,514.42782,3.78897,,,0.005596297191884027,,76.17953,19.0961,516.40581,0.2662812928254324,0.5336957490537574,516.26949,3.81608,,,76.59541216666666,,0.5611564494641925,516.56363,,27.20947,,,,25278.060691000002,40.01801,4414.22229,0.41435437431640676,0.134050333318046,,51.31508,,10.60655,11.580849666666667,,52.494779,515.00665,,0.7597,,28.98855,53.33699,,,28.1432425,514.7117951666667,517.35625,0.25638653338380923,516.7911066666667,0.3456777900957888,183.29035674162637,,0.14955582113946897,12.21141,0.07524858669975595
2024-07-02 07:00:00,3837.7000000000003,89.8,1.0,512.58929,19.568825333333333,3.7477038333333335,,23446.71289,4642.31042,139.97229716704254,515.0308185,39.74881,18.85843,39.98824233333333,11.9,515.32745,,,45.0,514.9978678333333,5051.361439333333,,0.31906940406905515,22869.16406,82.15881,514.66767,3.7346,,,0.005166541016332413,,80.23553,20.64078,511.6103,0.5756442880080332,0.4389383180067315,514.33105,3.75614,,,81.121543,,0.4208123920828366,514.66455,,37.52338,,,43.0,23264.194741166666,40.16634,5439.43945,0.16059611587522582,0.23559347477150674,,58.19876,,12.41177,12.769592166666666,0.01,58.75549183333333,515.54724,,0.7599,,39.11829,60.19753,,0.1,38.275862999999994,515.026281,515.68481,0.23272257126058274,512.0430076666667,0.4913666546513663,165.86286968002926,,0.16535504836752352,13.10633,0.07814650943475564
2024-07-04 07:00:00,3762.9800000000005,90.9,1.0,512.65751,23.629505833333333,3.7076791666666664,,21955.41138,3775.25945,37.02354002411284,515.1208905,39.75417,22.90034,40.01472383333333,,515.31915,,,,515.0248373333333,3978.5532241666665,,0.22385990000123127,21813.65967,84.67946,515.10802,3.70246,,,0.0026449961017990945,,84.03448,24.38998,511.51851,0.15959819350711285,0.1873446921648556,514.6413,3.7136,,,84.36101766666667,,0.1508371063595261,514.66547,,42.07166,,,,21882.847837333335,40.24786,4174.9458,0.2592737982702155,0.1473539595552496,,63.12177,0.2,12.31473,13.008986833333333,,63.430384000000004,515.61353,,0.7646,0.2,42.95433,63.72878,,,42.45494083333333,515.3951599999999,515.51742,0.31491876403109886,512.0599003333333,0.4105819202608126,99.63994013290514,,0.16742866242952611,13.36271,0.09776139462117328
2024-07-07 07:00:00,3842.53,90.3,1.0,514.79785,32.917089833333335,3.773000166666667,,23801.57422,1929.51334,46.858255304586976,517.0367103333333,39.8216,32.08389,40.09134666666667,,517.41771,,,,516.9647765,2045.9266901666667,,0.37158286420767334,23597.64294,76.44271,516.84098,3.76537,,,0.004455994435861612,,75.75032,33.86649,513.38256,0.17297279136900248,0.42789287787712005,516.45294,3.78429,,,76.1479505,,0.30337984306243304,516.66922,,39.21977,,,,23699.509352666668,40.31271,2202.96216,0.3222958213227692,0.19407528281937267,,57.76723,,12.32099,13.121685500000002,,58.360612833333334,517.70046,,0.7592,,40.76376,59.09526,,,39.933111000000004,517.1389455,517.82097,0.37828090937859005,513.9314778333334,0.4887796011322721,61.900905244231176,,0.16087504478103368,13.61276,0.10950997166369994
2024-07-09 07:00:00,3894.93,90.0,1.0,516.48884,29.286876,3.7859366666666667,,23723.74768,2984.55907,71.35744460515876,518.8332063333334,39.86882,28.4835,40.02406216666667,13.4,519.46173,,,43.2,518.9368928333333,3341.395913,,0.17969592550739794,23447.41418,82.95914,518.49971,3.7797,,,0.00281428117484269,,82.11433,29.97607,515.39054,0.21544409012273236,0.3216838596194425,518.58599,3.79084,,,82.53851200000001,,0.34699675973609484,518.53159,,33.31321,,,43.4,23570.417202166667,40.19634,3694.20998,0.2836837503127337,0.21147334597282902,,58.25581,,12.52757,13.347810166666667,0.01,58.796697333333334,519.33253,,0.7609,,34.6676,59.64524,,0.1,33.797114,518.8454820000001,519.22713,0.3292168053935731,515.9364241666667,0.38686013076247483,166.39449554195215,,0.2120950710404253,13.71276,0.07245416501091766
2024-07-11 07:00:00,3512.79,92.9,1.0,516.44337,18.911058500000003,3.8275298333333336,,23075.98706,2590.60052,62.098697266595025,514.9653285,39.83152,18.07154,40.25853333333334,,513.34746,,,,512.8395428333333,2895.2848725,,0.37767864493524095,22822.45435,108.00653,511.54883,3.81686,,,0.004305109889211895,,106.45773,19.79904,515.01659,0.4287205528539701,0.3225923352424436,514.19167,3.83394,,,107.2062475,,0.2148554554544295,512.19357,,41.88939,,,,22966.656080833334,40.53335,3191.38824,0.1648879776840799,0.1501808078204377,,69.49594,4.8,12.81857,13.075455,,69.92414933333333,512.1255,,0.7641,0.2,43.52025,70.33774,,,42.68339566666667,511.8208421666667,515.88171,0.351044237202859,515.8929224999999,0.4044426883948044,107.97097532832707,,0.30641672709621615,13.51275,0.1539164447405875
2024-07-14 07:00:00,3623.6600000000003,92.9,1.0,494.61766,30.223813166666666,3.8071651666666666,,23115.83374,4989.18042,51.7623464190167,493.8353333333333,39.51654,29.26759,39.92144533333333,,494.51845,,,,493.85487099999995,5167.087606333333,,0.2678007185384641,22894.60425,109.96335,493.39586,3.79936,,,0.0035331646599223894,,109.31081,30.99402,493.07072,0.1540671609106649,0.21792419761153825,493.40412,3.81436,,,109.66182633333332,,0.3716760489625795,492.97124,,46.88708,,,,22997.293078333332,40.14982,5383.70172,0.3568062278431866,0.16393071198062778,,68.69525,,9.95983,10.803348333333334,,69.37346066666667,494.04044,,0.7628,,47.91006,70.07583,,,47.27464066666666,493.75605816666666,494.45152,0.35186392415780354,493.87616499999996,0.37026401326205194,104.39169694737684,,0.3888558670614734,11.25896,0.10220597896980117
2024-07-16 07:00:00,3464.7299999999996,94.1,1.0,491.10327,42.586562666666666,3.7788193333333333,,23064.52405,4378.49707,85.03700204626635,490.2890275,39.54188,41.21289,39.95606016666667,13.4,490.33723,,,44.7,490.03585583333336,4826.243878333334,,0.492175189002787,22655.72852,78.30981,489.41634,3.76566,,,0.004189012612378816,,76.97322,44.50674,489.24762,0.3889294469402956,0.8333974543691869,489.40012,3.78785,,,77.44929099999999,,0.8106917612807404,489.75803,,58.36278,,,41.9,22989.909408333337,40.13979,5129.15332,0.11636887806128593,0.383849460971385,,61.04471,,10.50927,10.708835333333333,0.01,62.110305000000004,490.96228,,0.7661,,61.78625,64.09613,,0.1,59.760930333333334,490.0301563333333,491.11123,0.45496294755310746,490.0436225,0.856922276385467,198.87199170176189,,0.16381360750678028,10.95792,0.11396490931075658
2024-07-18 07:00:00,3484.4199999999996,94.0,1.0,495.80404,43.82769066666666,3.791872666666667,,23104.62659,3927.81033,43.274178095675765,494.900453,39.54859,43.11322,39.84138816666667,,495.51859,,,,495.01268566666664,4145.8656464999995,,0.25729773468143935,22914.87695,93.14818,494.60846,3.78796,,,0.0020206928386131426,,92.52679,44.57601,494.29321,0.147531725259524,0.2736248257818576,494.41265,3.79583,,,92.8899675,,0.23021994760225273,494.67304,,40.56678,,,,22995.037429,40.13355,4373.6604,0.8550959866419435,0.16296543058425753,,62.31406,0.0,10.44332,12.017074833333334,,62.669038500000006,495.21738,,0.7656,0.0,41.58682,63.20218,,,41.0845335,494.9331585,495.35417,0.3874010389607701,495.0529195,0.3654115710916711,107.31114358376999,,0.23933854982378808,12.7122,0.12197653238436815
2024-07-21 07:00:00,3555.14,93.3,1.0,499.59512,35.09608333333333,3.7962773333333333,,23181.01367,3815.50522,113.2390726366484,498.97315466666663,39.76361,34.00504,40.1021905,,499.4881,,,,498.9683958333333,4269.588897833333,,0.45056774638553887,22787.85901,84.94559,498.42557,3.78865,,,0.0037912382784010745,,83.71431,35.77817,498.32529,0.4209309456448124,0.3976528818424389,498.04874,3.80639,,,84.3137795,,0.5958272158879425,498.45624,,47.74455,,,,23018.171671666667,40.34185,4549.56674,0.20356918086556322,0.38832425885043614,,68.41104,,12.2709,12.745456833333332,,69.21371266666667,499.68469,,0.7673,,49.30711,70.56846,,,48.421577166666665,498.98741466666667,499.89907,0.3315462020763751,498.97522649999996,0.4310413022786296,160.0611007628446,,0.2252041865921099,13.06255,0.11096610964423259
2024-07-23 07:00:00,3721.9500000000003,91.7,1.0,507.50766,31.94391883333333,3.7674045,,23059.15747,4875.12549,35.45936018781269,507.1768735,39.61792,31.09375,39.893740333333334,14.8,507.57515,,,45.7,507.0418271666667,5027.985176,,0.31469738831611577,22914.47607,81.77957,507.0199,3.76134,,,0.003093293141237503,,81.12274,32.59491,506.06119,0.20158925302007782,0.19419396871791264,506.61298,3.7738,,,81.43289416666667,,0.2471009764226781,506.63397,,51.25403,,,39.6,23008.526098166665,40.07261,5160.94705,0.3844379505163034,0.28095972784559425,,64.8504,,11.55987,12.466458333333332,0.01,65.46443633333334,507.95773,,0.7627,,52.087,65.96148,,0.1,51.64122016666667,507.4229496666667,507.82908,0.3514195594125488,506.99341749999996,0.3435927679883128,64.9331143172106,,0.25990197892239775,13.0,0.10097837732912306
2024-07-25 07:00:00,3853.03,91.0,1.0,516.78582,33.27532633333333,3.7679846666666665,,23065.28516,4964.45996,38.516640906683236,515.8654806666667,39.55586,32.22589,39.9643665,,516.48802,,,,515.9586236666667,5198.0817535,,0.3545652798150752,22880.28516,87.15396,515.4062,3.76137,,,0.0031640434689566136,,86.28568,34.1469,515.1424,0.17740833958281635,0.2527749824437987,515.1616,3.77587,,,86.70486916666667,,0.32103955496031117,515.36664,,50.09516,,,,22997.305737666666,40.20968,5472.77051,0.08753481009125397,0.27552446578666223,,65.04503,0.0,28.33093,28.4847495,,65.63915183333333,516.54369,,0.7582,0.2,51.26227,66.17099,,,50.67538383333333,515.8964306666667,516.57156,0.36752594260701066,515.974457,0.42548051891896227,137.0083432080907,,0.2790922702654245,28.675,0.12977993318319192
2024-07-28 07:00:00,3568.33,93.3,1.0,501.68758,31.433774333333336,3.7910704999999996,,23092.4718,3485.78146,44.25319038814499,495.04204550000003,39.75043,30.34015,40.018177,,495.93791,,,,495.067449,3687.229649,,0.3665386260054693,22911.61853,107.8895,494.71798,3.78438,,,0.0035745126134522527,,106.77496,32.11374,500.10418,0.28927791893340954,0.31213427317173476,494.37304,3.79704,,,107.2282935,,0.35718797266474983,494.45673,,45.76795,,,,23003.816877999998,40.23951,3979.95206,0.20185933934357905,0.20341117116373472,,69.02051,,12.90616,13.602333333333332,,69.5913885,495.60188,,0.7607,,47.06655,70.32788,,,46.511923833333334,495.07351016666667,495.69052,0.35966039863941485,501.0544921666667,0.4379051279551056,139.340417662527,,0.40006335033808943,13.96268,0.11215347126268967
2024-07-30 07:00:00,3289.39,94.8,1.0,495.70011,31.303961333333334,3.7811326666666667,,23403.76563,9155.50879,186.89023978701417,490.79887183333335,39.03918,29.58469,39.87326216666667,,485.44705,,,,473.1468556666667,11069.631648166665,,3.1938425836597264,22713.73242,98.17056,483.69529,3.75662,,,0.016143001723123555,,84.72696,32.01974,485.06319,4.186562812081684,0.897443240703865,484.63033,3.815,,,92.14413783333333,,4.898357223675491,461.20541,,47.33103,,,,23061.856078333334,40.68432,12431.8252,0.07812809046886368,3.7764916446063745,,47.25757,,26.16553,26.315573166666663,,55.23400483333333,495.89793,,,,50.49484,64.1911,,,49.078788833333334,491.0741795,495.47551,3.347694855524457,492.08669033333337,0.6177953092026245,1231.3479623352675,,6.903097201904116,26.49802,0.47481154372146367
2024-08-01 07:00:00,3479.21,93.2,1.0,497.55837,27.709140666666666,3.759459166666667,,23106.35791,7935.16983,43.64996509167905,497.0712906666667,39.60627,27.15051,39.90979,,497.62373,,,,497.0605478333334,8294.041560666667,,0.19455134352493533,22904.43164,92.71259,496.66725,3.74592,,,0.008786919070494168,,92.05585,28.27609,496.56286,0.1728323045868008,0.16784978250130345,496.69049,3.78033,,,92.33221783333333,,0.24964769929808997,496.58767,,46.46625,,,,23008.3131845,40.1311,8602.29395,0.7163835305643289,0.2026487076684226,,67.85096,0.1,15.20486,16.4838965,,68.39451749999999,497.5151,,0.7578,0.1,47.29867,69.0206,,,46.83403583333334,497.019753,497.41055,0.2601458715784061,497.00607916666667,0.2732120355742013,193.1997446057727,,0.26225143820574615,17.50295,0.10874840236504245
2024-08-04 07:00:00,4453.820000000001,88.0,1.0,506.64084,27.7549745,3.7771600000000003,,23168.73462,5127.03146,59.25230741052239,506.07317750000004,39.49782,26.78843,39.97250666666666,,506.69693,,,,506.0948281666667,5552.012806833333,,0.30677282353516416,22862.4668,95.18737,505.33109,3.76636,,,0.0043505503256016965,,93.88837,28.44484,505.21028,0.3434672687836942,0.24958474519107246,505.57833,3.78744,,,94.69352116666667,,0.23994184064495713,505.66146,,46.28955,,,,23027.787837833333,40.15741,5816.3494,0.6121489330612456,0.3715300816905867,,68.09394,,17.9195,19.019811666666666,,68.56420166666666,506.66976,,0.7558,,47.17511,69.21115,,,46.74759533333334,506.09172416666667,506.64677,0.3438152491883811,506.0777146666667,0.3913949431890804,136.994897711336,,0.27268244818981857,20.01154,0.12134908425578438
2024-08-06 07:00:00,3897.08,90.5,1.0,508.57533,27.638703500000002,3.7630786666666665,,23049.26624,5602.25812,23.625807907976135,507.93754033333335,39.82502,26.56676,40.012373000000004,11.7,508.30535,,,51.0,507.9753755,5816.386617166666,,0.14961484936008182,22932.06921,91.62741,507.41669,3.75735,,,0.0027063262149858067,,90.63335,28.54008,506.9735,0.1984912637798497,0.13806047891513692,507.68045,3.76881,,,91.15570116666666,,0.18523844110754925,507.42477,,45.67554,,,37.4,22989.7079285,40.15309,6096.43784,0.1089104201863615,0.20012452428058694,,65.65669,,20.08904,20.2636905,0.01,66.13292933333334,508.46431,,0.7555,,46.27682,66.52757,,0.1,45.87364583333333,507.97508466666665,508.29069,0.40220098919165503,507.97096316666665,0.4743924453510888,123.20017327963907,,0.2056405654058138,20.6685,0.0672290586208867
2024-08-08 07:00:00,4009.0299999999997,89.6,1.0,515.41562,27.415312500000002,3.7499350000000002,,23061.56185,4201.80634,33.11940582682505,514.9898479999999,39.95154,26.88835,40.0992305,,515.52991,,,,515.0113453333333,4714.250141666666,,0.1464592244729903,22901.37195,89.00647,515.63179,3.74364,,,0.003098623806067008,,88.30255,27.89436,514.74384,0.16090234209108226,0.1039931253207777,514.64222,3.75657,,,88.63577666666667,,0.1595744878879951,514.68809,,45.16905,,,,23000.871524833332,40.22735,5098.30127,0.23761059296494894,0.2164536564568171,,64.10626,0.0,18.30479,18.596427,,64.33603516666668,516.54877,,0.7558,0.3,45.65884,64.81033,,,45.4333775,515.9599371666667,515.27528,0.15863772129661072,515.0168623333334,0.19488339533780297,213.30142410413447,,0.18997399489708716,19.04378,0.05386540956127046
2024-08-11 07:00:00,3576.92,93.3,1.0,506.86709,35.4005365,3.801853,,23061.95345,4369.6958,34.2264458349859,492.991738,39.74486,34.80033,39.97813083333333,,493.35049,,,,493.0291128333334,4536.364121666667,,0.1680763038562364,22912.8877,107.88184,492.76612,3.79547,,,0.0021184566656100986,,107.31965,35.78275,505.7772,0.11762222922749871,0.24204412905600278,492.65067,3.80661,,,107.58211983333334,,0.20126302258038586,492.71622,,46.04001,,,,22998.285310166666,40.09993,4681.82706,0.6400171211702625,0.14861325857162605,,70.61542,,18.24887,18.874112333333336,,70.89714166666667,493.30405,,0.7558,,46.93387,71.36588,,,46.445777166666666,493.01906066666663,493.2793,0.26676519879561317,506.38544783333333,0.23499505124847173,75.65485971301428,,0.15290561924573332,19.83792,0.07103733986591854
2024-08-13 07:00:00,3541.42,93.7,1.0,490.41866,34.895737000000004,3.791237833333333,,23070.14453,4319.25977,29.11250405627209,490.02109033333335,39.37207,34.18024,39.93570366666667,11.6,490.49002,,,50.4,490.032583,4610.8937715,,0.20658691525801504,22929.22266,109.29646,489.66888,3.78643,,,0.0022695344790095136,,108.60432,35.44638,489.34083,0.13414672558076274,0.22951568383689705,489.63547,3.79623,,,108.92666416666665,,0.17673778788360417,489.67575,,45.80768,,,37.9,22993.192417666665,40.06144,4847.46875,0.11805881230003903,0.1425316939537929,,67.89548,,16.90571,17.091611,0.01,68.32395133333333,490.29673,,0.7586,,46.75731,68.69272,,0.1,46.379145,489.9462401666667,490.45423,0.279388929014408,489.93110133333334,0.3244964110704876,120.14611299847185,,0.18840456642151787,17.30392,0.13142270988860605
2024-08-15 07:00:00,3453.16,94.0,1.0,493.60014,35.94665933333333,3.7937909999999997,,23056.03711,4602.92334,39.2309981950972,492.97672450000005,39.66711,35.30652,39.94000483333333,,493.73996,,,,493.064033,4875.130861333334,,0.2364873753854348,22879.82031,103.08843,492.53333,3.78798,,,0.0022654177599548855,,101.88293,36.51407,492.50593,0.35031894048198386,0.2275261127967027,492.53265,3.79867,,,102.5402235,,0.18383849814412412,492.5419,,47.07437,,,,22997.598753000002,40.08587,5080.29053,0.1491061387346622,0.3388782787898828,,72.39786,0.0,18.55947,18.883084666666665,,72.89437633333334,493.76788,,0.7542,0.0,48.08263,73.19522,,,47.578140833333336,493.113955,493.49155,0.2657143281807901,493.04354166666667,0.29574164179410656,124.34953122514129,,0.26885414053415047,19.09343,0.09652344228290823
2024-08-18 07:00:00,3692.54,92.3,1.0,500.5231,37.594092833333335,3.7800903333333333,,23098.73047,6691.43652,34.027003462390766,499.99223383333333,39.85143,36.77455,39.992026499999994,,500.47045,,,,500.0074511666666,6878.704493833333,,0.21461894780341997,22953.9375,96.08978,499.42309,3.77539,,,0.0021105264558644223,,95.05801,38.21677,499.24637,0.25461795394571757,0.19216919305851865,499.59605,3.78545,,,95.56894383333334,,0.15831796877390417,499.63782,,48.20227,,,,23014.726284333334,40.11685,7028.56885,0.1293597509827616,0.2869768459832585,,73.52325,,20.13554,20.330315499999998,,73.80701649999999,500.63144,,0.7537,,49.04663,74.13306,,,48.5482755,499.97476516666666,500.54306,0.3313264195981047,500.0233518333333,0.393305953533704,76.77415640851265,,0.1933823134788081,20.78001,0.05835355329761515
2024-08-20 07:00:00,3628.11,92.5,1.0,504.50735,37.80890833333333,3.7698938333333336,,23076.83167,8046.72119,30.12510112768396,504.21760866666665,39.88154,37.37476,40.020098,10.4,504.46854,,,49.6,503.9566956666667,8155.526826,,0.3348208150762511,22926.20898,94.0235,503.4752,3.76075,,,0.004641809294992049,,93.19081,38.57081,503.6347,0.19772039702027192,0.23344058498190565,503.50971,3.77802,,,93.55949233333334,,0.21751300497485831,503.58051,,48.72021,,,40.0,23000.6672655,40.1757,8318.37207,0.024140221903103432,0.20513778002818905,,74.60269,,26.85503,26.87984983333333,0.01,74.98943416666665,504.36224,,0.7516,,49.62335,75.40026,,0.1,49.2095045,503.95877683333333,504.72868,0.22303257457982495,503.97352316666667,0.27495782659156437,69.96242453082878,,0.23806692699752988,26.91657,0.07194475754566831
2024-08-22 07:00:00,3939.45,91.2,1.0,506.40021,37.79989533333333,3.7425783333333333,,23112.32813,5204.33057,42.63263984801413,505.960677,39.81171,37.23529,40.00917116666667,,506.4184,,,,506.0311668333333,5513.4429625,,0.16616267375730476,22862.69531,89.37839,505.86288,3.73342,,,0.005127343834994829,,88.72159,38.33762,505.49762,0.16110857764902778,0.18524005631233825,505.70532,3.7566,,,89.03272333333332,,0.1666706349690591,505.69141,,48.34659,,,,22985.101224833335,40.20085,6059.05225,0.06131578168478082,0.14197191715732993,,73.57169,0.0,26.55959,26.635916666666667,,73.92555683333333,506.4519,,0.752,0.1,49.09711,74.22839,,,48.64403866666667,506.23448616666667,506.3903,0.24010807915748653,506.0184475,0.2935611401364154,219.40995064432016,,0.1611264217251147,26.75656,0.0839682309595691
2024-08-27 07:00:00,3941.0800000000004,81.7,1.0,449.29441,22.469991999999998,3.6874263333333333,,26303.34607,340.26418,567.1229364712756,444.01369683333337,37.74362,20.7535,40.023942166666664,,449.03756,,,,444.5491491666666,5094.1809585,,2.9065904033866743,21068.52466,58.34001,439.71552,3.33159,,,0.14081062026547578,,52.1451,24.07644,439.21914,1.970725493304657,0.9812507039093501,438.86844,4.58296,,,55.64036866666667,,3.7055365106581584,438.63983,,20.66324,,,,22942.1297065,41.77783,15408.46268,0.2560951892940319,3.272666412855641,,37.40535,,24.63704,24.962679666666666,,43.49892116666667,449.96386,,,,26.40545,48.9035,,,24.156871666666667,445.3116393333333,448.09136,3.108595164973991,444.67664866666667,0.7020429066075446,2140.5361334446015,,3.388563356984189,26.11602,0.43329858291511014
2024-08-29 07:00:00,4128.94,89.4,1.0,515.41474,40.252339666666664,3.9040003333333333,,24160.979,10300.72156,58.719172978678706,515.0774436666667,43.45978,39.77417,44.092497,,515.28301,,,,515.1150268333333,10512.279358333333,,0.4618793233396671,23810.01184,77.04439,514.86975,3.86793,,,0.011231712513624035,,76.53122,40.74522,514.52925,0.11301425950777307,0.4425158302168893,514.27988,3.92667,,,76.80033433333332,,0.13132413725841416,514.79584,,49.38802,,,,24009.45002,44.36695,10928.75586,0.06333722327223068,0.15186820183963406,,71.28894,0.0,28.57671,28.709760833333334,,71.56597266666667,515.41621,,0.7595,0.2,51.12436,71.88399,,,50.233868,515.1274623333334,515.95523,0.20999651744184786,515.0808725,0.23597813654806832,143.93670113138154,,0.15514004371658138,28.77329,0.1237249717378243
2024-09-01 07:00:00,3805.61,92.0,1.0,513.381,39.73581883333333,3.9431938333333334,,24055.03687,7485.49194,48.000138362703396,505.46917666666667,43.50628,39.25659,43.983353,,493.26232,,,,492.8950066666667,7814.353801833334,,0.2467085237008971,23840.90625,107.00645,492.61902,3.93596,,,0.00306204600462898,,106.0897,40.24203,512.39126,0.1549240160790145,0.25411679237576157,504.89379,3.94905,,,106.35690249999999,,0.18265769037617868,492.46739,,42.02565,,,,23975.350415333334,44.21408,8059.77249,0.05951007065014592,0.16541303167867533,,65.8313,,29.80474,29.888907833333334,,66.233248,493.73401,,0.7474,,43.00192,66.58168,,,42.59049433333333,493.0211248333333,505.91625,0.2397546908291315,512.879725,0.2587982931275506,160.23762498937432,,0.17055899157079232,30.05017,0.12495896290857338
2024-09-03 07:00:00,3856.7400000000002,92.2,1.0,502.54705,36.951656,3.9290636666666665,,24107.42542,7384.32397,42.69354533308588,497.96254500000003,43.55321,36.31273,43.94825766666667,8.8,498.39431,,,52.8,497.99796983333334,7520.751153333334,,0.21723278958180278,23921.64063,109.42578,497.49098,3.92335,,,0.002719669076745436,,108.63829,37.54995,500.89828,0.19038222532934795,0.2630618731850262,497.51886,3.93507,,,109.04102800000001,,0.22879695880228335,497.62925,,47.73245,,,38.4,24011.752254833336,44.16183,7669.2738,0.053793412351600296,0.1956881892425979,,67.89505,,29.60835,29.743266666666667,0.01,68.26989233333333,498.29696,,0.7481,,48.85818,68.73046,,0.1,48.36336466666667,497.86734666666666,498.57344,0.38012123434549827,501.55206783333335,0.2937308270624312,70.86903569381921,,0.18146556090588697,29.80474,0.11297301578765849
2024-09-05 07:00:00,3780.19,92.1,1.0,499.43482,37.81699233333334,3.8358455,,23053.3551,7287.84195,29.693180533079868,498.93353033333335,41.53535,37.28403,41.949266333333334,,499.45938,,,,499.02077449999996,7399.819132166666,,0.18288787297474154,22944.2196,107.14816,498.76114,3.83052,,,0.0023790223209104442,,106.43774,38.31003,498.47101,0.19292186661785132,0.18313658466324723,498.51395,3.84024,,,106.84122900000001,,0.1858871971248031,498.65652,,47.2641,,,,22999.555949833335,42.15053,7556.29846,0.06766056577016519,0.15178421142400636,,66.50889,0.0,27.8392,27.944307,,66.883386,499.24925,,0.748,0.0,48.00869,67.23883,,,47.6641105,499.0197078333333,499.28113,0.23250216537985816,499.0486676666667,0.2666371470449945,54.568032884196576,,0.1870290768785788,28.03592,0.11529509619522628
2024-09-08 07:00:00,3765.63,92.0,1.0,506.10984,38.0181545,3.8821548333333333,,23083.27734,8370.95313,35.16460461345809,505.0985043333333,43.68615,37.04688,44.0928705,,505.46832,,,,505.00949233333336,8548.746684666667,,0.45077186249985246,22912.50195,105.12241,504.52588,3.8738,,,0.004984790933400983,,104.18973,39.21666,503.97262,0.20606503832685336,0.4074620798831262,504.29291,3.89385,,,104.53442783333334,,0.23865225446165697,504.54733,,47.49002,,,,22980.512748333334,44.30538,8708.41895,0.10171167246469395,0.3185054079469256,,67.75644,,29.70655,29.953637166666667,,68.32032383333333,506.00151,,0.747,,49.04987,68.69464,,,48.25664616666666,504.9764003333333,505.94787,0.5529414852913737,504.98314116666666,0.566995854396783,85.59112562140086,,0.22677732827950206,30.09926,0.1324099823087377
2024-09-10 07:00:00,3962.17,90.7,1.0,509.43209,37.267047000000005,3.8782208333333332,,23180.20532,8176.72083,53.17671860618059,508.21459933333335,43.69256,36.00562,43.957697,9.2,508.5826,,,52.4,508.173203,8327.037037333334,,0.3028639562400558,22928.95618,101.80055,507.97186,3.85963,,,0.010367786533241925,,101.06452,38.63585,506.88856,0.1903043436892586,0.2753169321388436,507.38086,3.89702,,,101.47748633333335,,0.2691346055864087,507.64567,,46.75369,,,38.3,23046.270577666666,44.28613,8486.61743,0.09562733131444116,0.1996490053721217,,67.44153,,29.90292,30.0886685,0.01,67.9649275,508.66443,,0.7485,,47.91787,68.40618,,0.1,47.492988833333335,508.31660883333336,508.62514,0.5788135745309786,508.0947121666667,0.6406264640636113,91.4614180191516,,0.2705658151600611,30.27102,0.12053440150753274
2024-09-12 07:00:00,4124.66,89.7,1.0,514.92656,37.41622816666666,3.8621706666666666,,23082.84399,8595.34668,40.20525114911716,514.0515595,43.7057,36.11563,43.9777735,,514.70262,,,,513.998908,8710.200168666666,,0.37586168695878197,22921.48047,99.0819,513.49963,3.85188,,,0.004225845363894372,,98.53932,38.64944,512.78375,0.14276666129478555,0.36679574318947544,513.3298,3.8696,,,98.80906416666667,,0.259896011128617,513.57039,,47.47688,,,,23004.103124166668,44.14302,8806.25305,0.03157936142652971,0.20060559040342107,,68.04376,0.0,28.18344,28.310087833333334,,68.42493166666667,514.25018,,0.746,0.0,48.68216,69.02337,,,48.16492866666667,513.9293015,514.67586,0.5062690211785146,513.9734568333333,0.5445582979031955,48.90556998220453,,0.30057689590496,28.33093,0.0954033490480092
2024-09-15 07:00:00,3994.15,90.7,1.0,513.16357,36.896962333333335,3.7743421666666666,,23073.61255,5590.10095,25.522423613024582,512.0481796666667,39.74946,35.44181,39.8923955,,512.38486,,,,512.0714658333334,5823.241273333333,,0.3147088973712795,22955.36523,97.54227,505.79951,3.7709,,,0.001979144731962926,,96.74472,38.24921,510.66809,0.22334934994156758,0.27474033163414646,511.39726,3.77912,,,97.140226,,0.16614022694843958,511.69438,,48.26117,,,,23002.9764005,39.99933,6064.18701,0.051856591868595474,0.2772125351134754,,69.82401,,25.93148,26.033661333333335,,70.06261616666667,506.77927,,0.7452,,49.38345,70.38699,,,48.853922,506.33964283333336,512.55573,0.655756994425733,512.052902,0.7527420535826017,135.11192834221967,,0.183285617032996,26.11626,0.051158704096473655
2024-09-17 07:00:00,3776.7599999999998,92.3,1.0,513.77828,41.15073916666667,3.7911266666666665,,23076.34375,5618.1167,27.518903521138522,504.7068753333333,39.91105,40.00677,40.0527375,7.6,494.93536,,,57.6,494.25000083333333,6040.741464000001,,0.7023128035175262,22962.06527,108.0072,493.50623,3.78409,,,0.0037784763616858907,,106.93076,42.82088,511.69846,0.26096491494052404,0.72281189340591,502.80856,3.79882,,,107.5402715,,0.5790144393206234,493.55348,,49.68086,,,34.8,23020.1371395,40.19591,6344.07669,0.084896107416937,0.41807417993352547,,64.91672,,29.05581,29.163677166666666,0.01,65.6925715,494.91183,,0.7428,,53.05779,67.37897,,0.1,51.04559133333333,494.31009816666665,505.81401,0.4586908143934043,512.9642575,0.7634526716204335,124.33416665929626,,0.3837988058304993,29.36281,0.06146840609517658
2024-09-19 07:00:00,3812.6400000000003,92.2,1.0,496.8154,36.938184166666666,3.7712325000000004,,23029.30859,5923.72046,22.897268867347087,496.00039366666664,39.84507,35.5222,39.97274933333333,,496.36874,,,,495.955807,6148.187956666667,,0.2659064527360302,22929.00244,108.81924,495.48008,3.76684,,,0.0029806981465216468,,108.20192,37.83987,494.77184,0.16957594624249905,0.2650907803945095,495.67326,3.77853,,,108.51575983333333,,0.22187539508480966,495.49278,,46.93463,,,,22992.405896333334,40.16843,6374.82141,0.06660950228355728,0.21115836766011956,,67.33208,0.0,28.9207,29.016435666666666,,67.71891016666667,496.28188,,0.744,0.0,48.1073,68.24666,,,47.240472,495.916521,496.85638,0.5125009233540092,495.9857395,0.5578446044277243,88.66237770455862,,0.22830712477879617,29.1909,0.07620445482477547
2024-09-22 07:00:00,4094.6299999999997,90.6,1.0,499.87143,37.960479666666664,3.7701485,,23084.2334,5730.29346,37.49558651110874,499.07770616666664,39.83141,36.08197,40.0375675,,499.59674,,,,499.124194,5910.084866499999,,0.34271979606855413,22927.70313,101.98234,498.7755,3.76629,,,0.002227576645564559,,101.36053,39.06036,497.22072,0.16779907437801805,0.2916162517819659,498.49606,3.77515,,,101.6764665,,0.23877761419646432,498.56966,,47.938,,,,23009.450328666666,40.2455,6081.83984,0.06318286952521547,0.19585500132504946,,68.36423,,31.12944,31.2253905,,68.833766,499.5413,,0.7417,,49.37451,69.27884,,,48.59134816666666,499.2186018333333,499.97827,0.5760692201501222,499.0411158333334,0.6213604633409469,63.429712912193246,,0.25512753522735687,31.32556,0.08241314763927905
2024-09-24 07:00:00,3964.5400000000004,91.0,1.0,503.42964,35.70052316666667,3.766595833333333,,23053.09603,4674.0188,27.712724410929784,502.0306111666667,39.84617,34.51318,39.98807633333333,10.2,502.53587,,,55.1,502.0554231666667,4832.111844166667,,0.3581315059578517,22937.92383,95.2442,501.62713,3.75945,,,0.00333751063816831,,94.54056,37.21042,500.8866,0.15805653968305627,0.3279366543161485,501.45651,3.77379,,,94.80791416666666,,0.2711250474638209,501.46564,,45.4918,,,34.4,22996.2756305,40.12427,5028.8869,0.04133872586109819,0.21744342964458344,,64.23831,,28.4784,28.523255333333335,0.01,64.80492933333333,502.48273,,0.7482,,46.65677,65.19989,,0.2,46.0306,502.011084,502.72371,0.6417114229368941,502.0075033333333,0.6961813694830012,83.98847175402604,,0.29698510159796226,28.57671,0.06596735900522416
2024-09-26 07:00:00,3962.6000000000004,91.0,1.0,504.64478,35.181005166666665,3.762113,,23055.12061,7520.86792,33.58964375152598,504.0275325,39.85189,32.68503,40.005560833333334,,504.35938,,,,503.609343,7771.614022666667,,0.4410259328615076,22902.99495,90.55139,500.52454,3.75388,,,0.0036903664325890293,,87.73703,36.20294,501.37149,0.7774607873524779,0.4345595848374807,503.03397,3.76794,,,89.73930066666667,,0.5744703681198599,501.35972,,44.21902,,,,23000.293892666665,40.12829,7907.55566,0.034338257086604665,1.070979239631835,,60.60434,0.0,28.74872,28.808370500000002,,62.42904716666667,504.22729,,0.7505,0.2,46.14243,63.10989,,,45.00436233333333,503.3267011666667,504.84923,0.7173451889966129,503.6970661666667,0.7992447204333882,92.80942424503161,,0.7243760761997272,28.87157,0.05937197045378588
2024-09-29 07:00:00,3894.8700000000003,90.9,1.0,506.67636,36.446861166666665,3.7709823333333334,,23084.54688,4395.30688,29.718326011404862,506.0776346666667,39.83213,35.6646,39.93847066666667,,506.4603,,,,506.04869683333334,4598.321098666666,,0.3008523346583502,22966.97559,87.16176,505.71936,3.76377,,,0.0034624481231706966,,86.61053,37.37683,505.23543,0.155255744288493,0.2654162420476248,505.59172,3.77994,,,86.881281,,0.1742088886219292,505.59048,,46.56509,,,,23023.9469595,40.06061,4934.40015,0.11205852914492817,0.1618472480959978,,63.58377,,29.95201,30.105725333333336,,63.943293833333335,506.32974,,0.754,,47.88641,64.24066,,,46.89142616666666,506.0265791666667,506.96817,0.4037146736986767,505.93149116666666,0.45057367420705574,120.64452665822571,,0.20514365402835982,30.34463,0.056921378631501846
2024-10-01 07:00:00,3950.19,90.5,1.0,511.11158,36.62173883333333,3.702614666666667,,23097.79102,3886.84448,33.29379958996345,509.99549833333333,39.87719,35.54996,39.973451833333336,13.3,510.5837,,,46.0,510.0526873333334,4097.122505833333,,0.24917338923380963,22933.68457,84.99037,509.70448,3.69717,,,0.0025609760233336635,,84.23093,37.82838,509.05591,0.19151961958442745,0.23942556094013223,509.45795,3.70828,,,84.590447,,0.1594538254598663,509.76519,,46.61459,,,40.7,23005.250990666667,40.08792,4275.77774,0.04890782699916168,0.1950208646974481,,63.45447,,29.75564,29.8528065,0.01,63.847890666666665,510.46942,,0.757,,47.74063,64.24338,,0.1,47.27363083333333,510.08639066666666,510.51903,0.5954874808061986,510.02449283333334,0.6761912507870752,94.36316638870208,,0.1852870116814718,29.95201,0.049606898183916635
2024-10-03 07:00:00,4007.56,89.3,1.0,514.73541,35.19493083333334,3.9036704999999996,,26473.50317,5117.66537,53.14440586797454,514.014541,39.8567,34.26967,40.02078866666667,,514.2576,,,,514.0273579999999,5384.077359999999,,0.1814020869547111,26203.99255,75.12396,513.37413,3.89637,,,0.003304356869654625,,74.32904,35.97653,513.17748,0.21473573093456197,0.17872249937272466,513.67329,3.91105,,,74.824397,,0.1301204748710883,513.69801,,43.66467,,,,26324.129911666667,40.14182,5569.31543,0.13652663206224205,0.26829046478389357,,56.61277,0.0,26.55959,26.766447666666668,,56.896907000000006,514.25587,,0.7498,,44.35982,57.20517,,,43.950841,513.925431,514.38487,0.40611917648997115,514.043443,0.44577880910654305,106.16533933122699,,0.11734836930689652,27.07655,0.06322481020383512
2024-10-06 07:00:00,4058.75,89.0,1.0,518.95288,37.290248,3.863344666666667,,25084.05973,4634.32214,34.43646005323005,518.0301976666666,39.7628,36.57677,39.96529366666667,11.8,518.27249,,,46.7,518.0194993333333,4846.93033,,0.20591029924086326,24919.99837,71.93518,517.54462,3.85816,,,0.0028896750545526545,,71.23499,38.37183,517.22879,0.15246463158962054,0.2194612577278159,517.62268,3.87019,,,71.620697,,0.11328936455635157,517.77963,,45.22761,,,41.6,25012.187361666663,40.09279,5019.66414,0.04243433263110895,0.16708852461803209,,56.233,,28.97393,29.055126499999997,0.01,56.419660666666665,518.28125,,0.7544,,46.27176,56.72969,,0.1,45.606126499999995,517.9452095,518.65524,0.39700092344809723,517.9666231666666,0.4160299903009786,83.9534579830925,,0.10940565470258605,29.11722,0.06517864433887123
2024-10-08 07:00:00,3698.55,92.2,1.0,517.6922,34.607432499999994,3.9243193333333335,,25067.86377,4581.42773,32.94364859779367,512.0030233333333,39.81857,33.5863,39.95202366666667,10.6,507.10275,,,47.8,506.4005495,4765.221945,,0.358776500258685,24919.87891,103.53685,494.53114,3.91981,,,0.002019567722387817,,102.44932,35.39288,516.06699,0.27227078470700916,0.31048685693518885,511.43377,3.92926,,,102.81876533333335,,0.3079225172101824,505.67977,,38.0717,,,41.6,25002.379567499996,40.07498,4950.58789,0.05414440796595141,0.26960957089643256,,71.7159,,30.33236,30.396147499999998,0.01,72.27215683333334,495.65851,,0.752,,39.56111,72.86847,,0.1,38.621826000000006,494.8788328333333,512.83613,0.3843448258542966,516.9115051666666,0.43581279968767594,88.66709931174512,,0.39387372574457646,30.54088,0.050630942872498606
2024-10-10 07:00:00,3845.79,91.6,1.0,511.75859,35.39395266666667,3.9175545,,25065.42171,4014.4325,22.847656567992345,493.06835183333334,39.88424,33.90919,40.006302,,493.41528,,,,493.033816,4242.532098666667,,0.38842270194738854,24958.04199,97.23379,492.50742,3.91281,,,0.002075717907257365,,96.12332,37.61513,509.36104,0.25463355773287816,0.33707288034733646,492.25491,3.92327,,,96.71938316666666,,0.2384517329645306,492.66212,,44.00322,,,,25009.877636833335,40.14252,4465.58594,0.09182640325712912,0.25387155498825353,,68.70405,0.0,29.11722,29.270852666666666,,69.10531233333333,493.52374,,0.755,,45.3165,69.67728,,,44.59683433333333,493.02891316666665,493.83693,0.6812785442898511,510.50083433333333,0.9410002134023553,98.95542184086429,,0.18916630061617684,29.41192,0.05704874985780848
2024-10-15 07:00:00,3529.7699999999995,93.6,1.0,490.6592,36.50173733333334,3.8560805,,24069.07788,2831.80383,38.80582180758102,489.936807,39.85668,35.8212,40.16802166666666,10.8,490.319,,,47.1,489.9334498333334,2991.8532843333332,,0.30625767944327453,23891.84204,91.84915,489.28604,3.85103,,,0.002751536658496636,,90.65601,37.32184,489.21432,0.2804205632737749,0.3113157751006615,489.4549,3.86258,,,91.20954499999999,,0.25125706609486514,489.53376,,46.18277,,,42.1,23984.560303,40.35447,3177.09009,0.13598028149787666,0.35122654496737893,,67.28574,,30.29556,30.494897833333333,0.01,67.74556533333333,490.68521,,0.7519,,47.47241,68.1709,,0.1,46.6289065,489.9521546666667,490.71953,0.38526226497760385,489.8917825,0.3920291855395492,69.24888231575247,,0.22983964021731476,30.639,0.11717674520788252
2024-10-20 07:00:00,3679.38,92.7,1.0,497.14819,38.62767133333333,3.809689833333333,,24076.76758,7336.91821,30.990103612849694,495.96134283333333,39.92052,37.23838,40.066692833333335,,496.44843,,,,496.1249286666667,7544.413944999999,,0.25076934009666324,23948.53735,91.44574,495.51329,3.80434,,,0.0026832288238059047,,90.27319,39.80905,494.99722,0.27377370584409577,0.3024403104624562,495.45551,3.81554,,,90.74433049999999,,0.1860595854883316,495.6205,,47.26276,,,,24008.5039595,40.15517,7721.62378,0.0679313648656795,0.31969145571265073,,68.34045,,28.88385,29.004152166666664,,68.81979266666667,496.82462,,0.749,,48.71667,69.11433,,,47.981316500000005,496.0167105,496.50262,0.5302570961131875,496.0659825,0.6248533235087166,111.09590641316939,,0.19328899670970265,29.20318,0.0563438846061746
2024-10-22 07:00:00,3699.71,92.6,1.0,500.49242,38.72734916666666,3.881356,,24161.54395,5871.99255,29.830345546129536,500.07624483333336,41.74094,38.16937,41.98985616666666,9.3,500.57799,,,47.6,500.0929973333333,6099.907847833334,,0.38761360895757224,23981.83398,92.24179,498.73576,3.87623,,,0.002590597863068618,,90.76042,39.50594,499.55317,0.31725032494256467,0.3261952062980632,499.29971,3.88745,,,91.71819133333334,,0.23738067206951255,499.51117,,48.24896,,,43.1,24052.325548,42.20158,6304.20996,0.07242428823330949,0.3838010454427414,,70.75616,,30.05017,30.138516,0.01,71.22532416666667,500.42862,,0.7497,,49.75394,71.67082,,0.1,49.027085166666666,499.7547846666667,500.96862,0.2614312443544983,500.052728,0.30286509110684906,91.23986143918431,,0.30577128371046886,30.29556,0.08375519768524012
2024-10-24 07:00:00,3467.8,93.5,1.0,500.9909,38.75292283333333,3.8757496666666666,,24154.35596,3820.10126,46.006332410087744,499.9858873333333,41.57101,37.59472,41.80302533333334,,500.22128,,,,499.9358076666667,4345.7107655,,0.39212763629371655,23908.49219,89.14474,499.01767,3.8691,,,0.00812527151393389,,87.87823,39.84618,498.92528,0.3105995358640718,0.36920347292561884,499.23464,3.90335,,,88.770077,,0.16264808289488306,499.52011,,48.40721,,,,24032.376588,42.00254,5665.3208,0.08820215644438778,0.3205440090748575,,70.33405,0.0,30.98233,31.112990500000002,,70.59408533333334,500.37944,,0.7522,0.6,49.79391,70.85004,,,49.127320000000005,499.97003233333334,500.62698,0.5171307983321193,499.9845016666667,0.5674684425724171,590.9614102045792,,0.1989712993813551,31.32556,0.09213013663377574
2024-10-27 07:00:00,3697.1,92.1,1.0,501.41891,39.70481216666667,3.8593996666666666,,24065.56055,5646.24121,45.23948209248572,500.8637943333333,41.64668,39.10736,41.9560265,,501.44518,,,,500.9332131666667,5847.207382333333,,0.2921121117105945,23863.13672,83.07756,499.82404,3.85306,,,0.0036624410525327566,,81.84924,40.35048,500.14841,0.31675259936844086,0.2690034752550484,500.29364,3.86765,,,82.58438966666667,,0.2995835295369248,499.9931,,48.6305,,,,23981.491576333334,42.18549,6056.15723,0.14001671772854205,0.38458511299632625,,67.09827,,28.9944,29.2451115,,67.75133883333334,501.40344,,0.7544,,49.7973,68.31207,,,49.076970833333334,500.8011085,501.49084,0.29454019913547835,500.9049718333333,0.29436561973448017,112.08252727069508,,0.37666796255032964,29.46103,0.12728682279417253
2024-10-29 07:00:00,3598.2999999999997,92.3,1.0,508.4103,39.58522883333333,3.8549995,,25117.05469,8623.45996,49.38907978874158,506.260466,39.75148,38.82626,40.148655,9.8,508.04801,,,46.2,506.6045893333333,8750.192263,,0.3356157537776291,24890.52539,83.3714,506.03003,3.84258,,,0.005904166705939695,,81.77917,41.2399,505.81906,0.485378517486397,0.3152748138795392,505.55688,3.86609,,,82.29942,,0.42164547549378834,505.99631,,48.65123,,,44.1,25008.258905166665,40.32729,8865.65039,0.20520484098119424,0.6149375750191862,,66.91626,,29.64517,29.934603499999998,0.01,67.38646083333333,507.98681,,0.7526,,49.9881,68.67835,,0.1,49.261391,506.7250608333333,507.12746,0.6544557450393501,506.9190305,0.6487318174927393,66.29661787581382,,0.5012105259687626,30.29556,0.12570164878306156
2024-10-31 07:00:00,3646.0399999999995,91.8,1.0,509.66792,39.144444,3.857194333333333,,25200.03955,7334.87842,83.3610284264168,508.9362883333333,39.91656,38.36252,40.095284500000005,,509.45719,,,,509.0314146666667,7958.600289,,0.19215674925774537,24851.3457,79.56426,508.48624,3.83388,,,0.013096642779369042,,78.77817,39.76978,508.42871,0.2190445041266948,0.2365902063985346,508.56683,3.88366,,,79.14817016666666,,0.23975762077629512,508.16354,,47.9033,,,,25006.470302666665,40.25419,8602.38831,0.06214240904299265,0.29230114202443985,,64.19476,0.0,30.8352,30.950299833333336,,64.87880183333333,509.73396,,0.756,0.3,48.8649,65.1803,,,48.435585833333334,509.0028448333333,509.32212,0.34260941622556357,509.0551531666667,0.38336338753950555,370.67896165492334,,0.26605729290897484,31.08041,0.08135261173028503
2024-11-03 07:00:00,3560.94,93.3,1.0,512.55222,36.618710666666665,3.9503985,,25048.0957,3481.64673,30.63571990480134,511.87111216666665,41.72594,35.97372,41.927393333333335,,511.4397,,,,510.9038141666667,3671.449728,,0.32627507992485416,24917.39648,103.03699,496.51038,3.94046,,,0.003067609252402242,,102.20912,37.3812,511.22171,0.23637528416423856,0.3298122004367346,511.14863,3.95762,,,102.67121300000001,,0.32649030591932454,510.54865,,47.65326,,,,24986.738345,42.09562,3995.17358,0.5479626470362792,0.40139877439996124,,67.78333,,7.52868,8.237447666666666,,68.41232316666667,497.82651,,0.7516,,49.43065,68.9794,,,48.54340083333333,497.23024516666663,512.95505,0.2989927572870944,511.99075016666666,0.3454520446832221,145.65825680119482,,0.25749555907504407,9.43824,0.07813654902659282
2024-11-05 07:00:00,3494.25,94.4,1.0,503.29177,38.081736500000005,3.901743,,25071.50781,3021.08467,28.41468939916818,487.99751733333335,39.74107,37.18628,40.009274166666664,10.0,488.36891,,,48.6,488.01427716666666,3134.1455324999997,,0.17855611687680661,24943.61011,106.95115,487.33624,3.89662,,,0.0027724145384269744,,106.15866,38.92142,501.70756,0.19237747291648932,0.2077738324096875,487.58924,3.91064,,,106.62578416666666,,0.20020972278742288,487.63373,,44.40073,,,41.4,25009.015693833335,40.1175,3249.06494,0.13140199480165035,0.22789263827803358,,69.68454,,11.05828,11.267848333333335,0.01,70.21601716666667,488.30576,,0.7515,,45.33856,70.561,,0.1,44.91169883333334,487.86052816666665,488.36821,0.4617456153187361,502.4135548333333,0.3853133514727141,44.32461087701913,,0.1792005755333916,11.50973,0.07005177787921879
2024-11-07 07:00:00,3360.1600000000003,94.7,1.0,485.61659,34.5953425,3.8808151666666664,107.9,25042.51758,3425.54555,24.136038435790805,484.93989450000004,39.79364,34.01505,39.96794416666667,,485.32593,120.9,118.1,,484.89249416666667,3575.9042135,164.4,0.25166827633476874,24946.49219,98.91595,484.22591,3.87673,113.4,127.0,0.002028079572258503,115.2,97.88148,35.19616,484.298,0.2276580424507654,0.26249187280068825,484.3829,3.88532,149.1,98.1,98.43730583333333,1.1,0.2520315239326568,484.21906,0.0,44.69345,0.8,106.7,,24994.986991666665,40.04997,3741.40625,0.0860026754824583,0.2556624636501398,112.1,67.8974,0.0,30.50409,30.655941166666665,,68.45161533333334,485.42978,138.3,0.7543,0.8,45.98297,69.00335,100.8,,45.225660166666664,484.877107,485.60138,0.2921038101602904,484.955845,0.3086170740118093,70.03635490921994,110.1,0.26618473082881444,30.8352,0.06556854884469113
2024-11-10 07:00:00,3515.7100000000005,93.9,1.0,491.26758,37.2283,3.83902,,23985.46094,3802.37769,0.0,491.06125,40.10718,37.2283,40.10718,,491.3259,,,,491.3259,3802.37769,,0.0,23985.46094,99.03714,490.79285,3.83902,,,0.0,,99.03714,37.2283,491.26758,0.0,0.0,491.06125,3.83902,,,99.03714,,0.0,491.3259,,48.48053,,,,23985.46094,40.10718,3802.37769,0.0,0.0,,71.36621,,9.29993,9.29993,,71.36621,490.79285,,0.7541,,48.48053,71.36621,,,48.48053,490.79285,491.06125,0.0,491.26758,0.0,0.0,,0.0,9.29993,0.0
2024-11-12 07:00:00,3348.96,94.4,1.0,491.63269,37.089869166666666,3.8571316666666666,,24067.02783,3030.16943,30.00799167491227,491.0304346666666,39.80153,36.3548,39.8984315,11.3,491.46431,,,44.9,491.022679,3144.6708151666667,,0.170359233221904,23899.46615,94.61218,490.6037,3.85026,,,0.0022782681250717004,,93.6748,37.79093,490.18738,0.23226875912484654,0.19754458809985728,490.6333,3.86199,,,94.05687083333333,,0.21617650476627312,490.67401,,51.3876,,,43.8,24010.3040635,40.03501,3244.86096,0.5979696417867848,0.27258055923792834,,68.36429,,6.9821,8.378726166666667,0.01,68.9493165,491.75353,,0.7586,,52.37238,69.46352,,0.1,52.0595085,491.10644633333334,491.37541,0.3453573672707984,491.0084015,0.38553404447835304,42.76494470013549,,0.16288877363174042,9.17416,0.05827630459606241
2024-11-14 07:00:00,3278.2799999999997,94.5,1.0,490.65254,36.6592495,3.860411833333333,,24072.51709,3097.00824,26.614941420004712,490.06328766666667,39.86028,35.91501,39.99086966666666,,490.51305,,,,490.0959638333333,3223.5693036666667,,0.23133563675265773,23955.01758,90.21117,489.71866,3.8532,,,0.002748940931147399,,89.26559,37.48596,489.423,0.25561686432123915,0.18980840266289534,489.56873,3.86698,,,89.62661,,0.3142892011919079,489.21841,,50.77002,,,,24009.78090033333,40.06923,3349.17029,0.5269099391485795,0.31134989622733833,,66.34375,0.0,7.73879,9.089594,,67.0469685,490.85234,,0.7576,1.0,51.62195,67.59038,,,51.241276500000005,490.2043435,490.36685,0.26827494189564693,490.0334481666667,0.31292934705058867,60.00795336985239,,0.3454684959273018,9.59329,0.03857332339652741
2024-11-17 07:00:00,3409.79,94.1,1.0,496.81385,37.978929,3.8515893333333335,,24031.33008,3182.86601,36.130136641388084,496.00289066666664,39.77682,36.90149,40.0819695,,496.34644,,,,495.97106016666663,3346.007518666667,,0.2123157851406526,23861.41016,90.92981,494.97346,3.84241,,,0.004652194986464915,,89.61674,38.94157,495.13368,0.33053986202590857,0.18429950401237963,495.58704,3.86048,,,90.13446516666666,,0.18736942172329052,495.49451,,52.37341,,,,23945.423080166667,40.24077,3582.56006,0.2300858844436702,0.4015373403092872,,73.26529,,9.22132,10.148703666666668,,73.78754216666667,496.4519,,0.7555,,53.3114,74.17987,,,52.733652666666664,495.62308516666667,496.57986,0.4473439971405787,495.9796855,0.5272854463551657,97.11077015073987,,0.22545373172963967,10.55634,0.0883010120184031
2024-11-19 07:00:00,3591.56,92.8,1.0,503.1201,40.42791533333333,3.9279976666666667,,24080.17041,3850.7935,23.696696656665857,502.21742016666667,42.80828,39.3032,43.09375016666667,10.0,502.56259,,,43.5,502.13771583333335,4077.3710548333333,,0.5114685642923669,23962.31592,81.7826,501.51248,3.92148,,,0.0029330983020889653,,80.37143,41.85175,501.03449,0.2999014587472491,0.44116035201737097,501.30014,3.93279,,,81.3032815,,0.17599192759511795,501.5101,,53.37598,,,46.5,24021.835927,43.33487,4330.41626,0.2483849774151178,0.32442332607186886,,72.02275,,8.74638,9.6590775,0.01,72.493449,502.97546,,0.7551,,55.186,72.86716,,0.1,54.26809333333333,502.3371056666667,503.23318,0.5385720635164201,502.04901283333334,0.6052161292435088,124.63980488722876,,0.24929712319815334,9.94098,0.13083743513296703
2024-11-21 07:00:00,3742.1099999999997,91.6,1.0,509.9343,41.188117000000005,3.911392833333333,,24085.3075,4226.61133,29.062501973094683,509.1154378333333,42.76614,39.58084,42.927389,,509.76617,,,,509.0925056666667,4500.6022445,,0.2745558651132896,23932.23877,77.23196,508.60166,3.90673,,,0.0026870373652517774,,75.14371,42.30212,507.42053,0.4543921419946902,0.25836828357635605,508.46652,3.91706,,,75.6898455,,0.33312080241508346,508.32831,,53.6463,,,,24029.902457,43.04982,4743.33203,0.20125559009894248,0.5665910998357803,,68.9776,0.0,9.38791,10.164517833333333,,69.77120516666668,511.07324,,0.7555,1.1,54.77243,70.38507,,,54.202306666666665,509.2246426666667,509.76553,0.5127251602788139,509.02541966666666,0.5686492677561978,130.77409243734056,,0.39950055876742846,10.45591,0.059828221210565406
2024-11-24 07:00:00,3644.77,92.6,1.0,514.10931,40.36759433333334,3.9317728333333335,,24454.58203,148.65821,221.8179879795469,512.372515,42.46737,38.50624,42.888153833333334,,511.74847,,,,510.38427666666666,1649.1331910000001,,0.7775412001740046,23728.44775,92.5143,494.39786,3.87069,,,0.04466503459715421,,90.41455,41.78378,512.16475,0.4849511063681331,0.4558527383142065,511.38092,4.01473,,,91.34522866666666,,0.38948967106544446,509.58593,,49.00864,,,,24034.780864999997,43.22465,2049.62814,0.09990221854138974,0.48434540761352185,,66.25894,,10.25501,10.512364999999999,,67.15840333333333,496.04239,,0.7553,,51.1988,67.95892,,,49.6004795,495.15647816666666,514.34929,0.48805810375413294,512.9882465,0.7375395096003847,385.79297418069075,,0.5997316608641711,10.75089,0.21967328483795706
2024-11-26 07:00:00,3392.2799999999997,94.6,1.0,503.46868,38.5131535,3.9768529999999997,,24105.19836,2670.04724,43.9581092115162,492.0635671666667,43.63635,37.51456,43.926879666666665,10.0,492.38181,,,43.5,491.90810483333337,2835.1569680000002,,0.3563288991267087,23904.81763,94.36832,491.49123,3.97092,,,0.0027403935755929867,,93.04449,39.13823,502.20581,0.3574794020355067,0.326845153154593,491.39301,3.98395,,,93.70099499999999,,0.17498398851885424,491.54678,,52.70352,,,46.5,24012.176515166666,44.09144,3030.32178,0.08343582251975416,0.2587457202034935,,74.99,,10.45591,10.617408666666668,0.01,75.351784,492.63638,,0.7552,,54.26866,75.7757,,0.1,53.44290483333334,492.07878466666665,492.77644,0.29624361401225896,502.921221,0.3810244325491558,70.04197618568645,,0.1924283472588819,10.75716,0.09014386691428412
2024-11-28 07:00:00,3536.6099999999997,93.6,1.0,496.43303,39.09627416666667,3.9668691666666667,,24086.96094,4679.25342,40.219681077131774,496.0596223333333,43.59867,38.30798,43.92170216666667,,496.39328,,,,495.9804843333333,4915.584359,,0.4902811215659396,23925.73828,93.32343,495.52408,3.96266,,,0.002294437851957871,,92.33838,39.79705,495.21658,0.23931162844975495,0.4244894636910527,494.93616,3.97393,,,92.8613385,,0.24133442418193612,495.37207,,52.84207,,,,23992.799852166667,44.16835,5117.40771,0.09663142110121115,0.2704728270119868,,74.46143,0.0,10.29268,10.514159833333334,,74.94984883333333,496.65143,,0.7554,0.5,54.40748,75.376,,,53.61432183333333,496.09081799999996,496.73756,0.31162519963194363,495.97617866666667,0.362611761166929,92.69837979186862,,0.3101339360109767,10.74775,0.11371762778086512
2024-12-01 07:00:00,3586.71,93.1,1.0,498.81485,37.801263166666665,3.8586275,,24082.32422,4562.44059,53.6553679683168,498.0995311666667,39.73469,37.20726,39.9552245,,498.33941,,,,498.0299538333333,4761.023374166666,,0.34365573444548114,23836.10238,93.28661,497.39106,3.85337,,,0.0033741005706729864,,92.19617,38.46205,497.47896,0.2624784236973872,0.29683155990221394,497.36465,3.87184,,,92.74913866666667,,0.11890857038327511,497.62466,,49.42606,,,,23989.317502,40.69129,5007.67065,0.12454138054974952,0.3473882185979331,,70.81455,,9.29993,9.544694499999999,,71.0625875,498.75169,,0.7573,,50.73371,71.27188,,,50.1116555,498.1096571666667,498.90441,0.3038585982110122,498.02726483333333,0.3224642310764109,82.03154164059173,,0.12476609838170859,9.80277,0.2013753751076414
2024-12-03 07:00:00,3682.85,92.3,1.0,502.68707,36.687518999999995,3.8402315000000002,,24194.01563,5684.70288,64.334657151331,502.11539683333336,39.79375,36.1076,40.027286333333336,11.6,502.50472,,,46.1,502.0162695,6100.491063333334,,0.6509570032599369,23917.06152,93.16762,501.60347,3.82849,,,0.007433286524769638,,92.00662,37.37408,501.45184,0.2691641039764917,0.649384628464662,501.00132,3.85982,,,92.71835683333333,,0.17239673154016794,501.62573,,47.72831,,,42.3,24019.220165666666,40.20872,6410.59041,0.07882459341531904,0.28791813522392334,,69.77176,,8.69604,8.830418166666668,0.01,70.24321483333333,502.75476,,0.7608,,50.07961,70.66296,,0.1,48.987995500000004,502.26523583333335,503.22159,0.3075569123835558,502.012889,0.315046135581354,200.93883648598353,,0.24043826014970157,8.99805,0.06846709136429707
2024-12-05 07:00:00,3732.67,91.9,1.0,501.57364,36.624584166666665,3.8274598333333336,,24062.54297,5873.70154,34.83623283950181,500.95156633333335,39.73153,35.77881,40.01569866666667,,501.57693,,,,500.9653215,5999.4860835,,0.3941821373209788,23930.7168,87.78354,500.26472,3.82163,,,0.0037300490711846264,,86.51703,37.23291,500.27155,0.3537772649219813,0.3820727627626522,500.13586,3.83432,,,87.1901065,,0.2541048034317565,500.60916,,46.74908,,,,24000.54062483333,40.24176,6090.96484,0.10478227075137089,0.388368772063345,,66.53586,0.0,8.49463,8.7194035,,66.99817183333333,501.62561,,0.7608,0.5,48.10941,67.60307,,,47.390167,500.9965375,501.57944,0.27551088352485104,500.94741683333336,0.32945538428062593,39.35499667761492,,0.2457380627224729,8.99491,0.1132167232431706
2024-12-08 07:00:00,3854.0200000000004,90.9,1.0,510.66363,39.06335766666667,3.9432535,,24067.50659,6640.95782,24.55401294093658,510.1062008333333,43.52271,38.36353,43.90223833333334,,510.21073,,,,509.99208699999997,6726.0803491666675,,0.4220954489986941,23966.38123,87.03684,509.77644,3.93797,,,0.002737214856289452,,86.37986,39.90285,509.45328,0.1756114528262056,0.37726460726285016,508.98361,3.94982,,,86.69821700000001,,0.137750886629055,509.61546,,48.02372,,,,24006.318503833332,44.10478,6828.27252,0.08823880788426418,0.21944480873247318,,66.8688,,8.8156,9.214613666666668,,67.20023416666668,510.66555,,0.7555,,49.66306,67.5169,,,49.083960166666664,510.1646048333333,510.73939,0.2826660030388858,509.99085649999995,0.33837924380572215,41.110913076923744,,0.14189041652878115,9.39738,0.11536247301538768
2024-12-10 07:00:00,4490.4400000000005,86.9,1.0,516.47461,40.98482383333333,3.9851140000000003,,24096.93005,4609.13419,38.13400547713356,515.2063845,45.87745,40.26751,46.124552,10.1,516.84108,,,46.1,516.118819,4780.289311166666,,0.24987960467384812,23916.48242,84.63374,515.37833,3.97353,,,0.005557657780036511,,83.6685,41.55774,515.44444,0.2551013544829993,0.2511354199974348,514.57042,3.99618,,,84.1447955,,0.30325881672312793,515.31104,,48.2132,,,43.8,24019.263172833333,46.29664,4956.39374,0.08830413409185185,0.3558044026817331,,64.7725,,9.48853,9.637073500000001,0.01,65.43968183333332,516.56897,,0.7565,,49.24272,66.02528,,0.1,48.766083,515.9677251666667,515.91626,0.25686954643948645,516.0597463333334,0.33902420384117177,85.17139601428552,,0.3664701058296453,9.80277,0.09351923492531898
2024-12-12 07:00:00,3495.8799999999997,94.0,1.0,512.21967,36.32765133333333,4.074775499999999,,24079.87183,4833.39307,34.8982602594679,503.066916,45.89897,35.73907,46.20576483333333,,497.0683,,,,496.83015700000004,5047.0742325,,0.31851641351526067,23865.19141,111.81213,496.19165,4.06696,,,0.0033248787030252616,,110.76111,36.85337,511.09395,0.24921645490937688,0.30059341223028213,502.5314,4.08286,,,111.15698416666667,,0.1999579434964882,496.56518,,50.94374,,,,23976.1203905,46.41117,5265.03943,0.0888068929431101,0.35725408045300355,,77.22885,0.0,9.57653,9.838556166666667,,77.72435233333334,497.67902,,0.7549,0.2,52.09552,78.06139,,,51.42082816666667,496.7928338333333,503.7642,0.2824616364436972,511.7262405,0.30003513373629703,132.2070714832013,,0.12907791856872816,9.99961,0.09551929423502996
2024-12-15 07:00:00,3420.92,94.4,1.0,492.78395,37.188728833333336,4.025639166666667,,24076.58008,3646.25439,77.85011239566653,491.891079,45.74087,36.44003,46.13410416666667,,492.34363,,,,491.8041831666667,4113.773507166667,,0.3350364404450824,23737.49707,109.31152,491.07356,4.01318,,,0.00632833265631886,,107.68888,38.30704,491.24806,0.3180620093581049,0.32357192192911705,491.12571,4.04276,,,108.56564616666667,,0.15596757074562867,491.44431,,48.99631,,,,23965.185025833332,46.34998,4362.89828,0.11182301429372414,0.3716696948035097,,74.79935,,10.20478,10.428457833333335,,75.08894333333333,492.64453,,0.7552,,50.30362,75.41203,,,49.744929666666664,491.8031295,492.57189,0.3984638936844558,491.915336,0.47242120206403965,210.49495976554385,,0.22663772387450146,10.70383,0.12331404726079823
2024-12-17 07:00:00,3321.98,94.6,1.0,493.93457,37.78220666666667,4.042997000000001,,24049.55469,3714.04199,28.529972649067407,492.9115868333333,45.62895,37.11143,45.9335115,11.3,493.34483,,,43.0,493.05692716666664,3916.1341518333334,,0.7144134748299706,23924.84668,104.45837,492.70013,4.03364,,,0.003074440447918208,,103.84756,38.65913,492.17017,0.1492371269921843,0.6643376488227899,491.39545,4.04978,,,104.101015,,0.1840892003559244,492.70192,,49.13712,,,45.7,23993.044854833333,46.27411,4192.05176,0.10019138245981557,0.18320415750007304,,73.94581,,9.36699,9.596131666666668,0.01,74.41621066666667,493.52801,,0.757,,51.38824,74.69632,,0.1,50.293687999999996,493.06601966666665,493.9448,0.34509584709864677,492.95657,0.33613743769358573,99.53033746984806,,0.1865465514046958,9.76506,0.13863286873725736
2024-12-19 07:00:00,3660.17,93.1,1.0,499.66797,38.49090233333333,4.0239495,,24228.14453,6219.08398,144.88186481375848,499.1742816666667,45.41603,37.70038,46.18979233333334,,499.90135,,,,498.84860166666664,6513.543962333333,,0.7178654966863371,23732.55859,103.99695,497.61514,3.99953,,,0.01887903306783136,,102.31944,39.15384,498.27716,0.37182596777582955,0.6337754885202177,497.99829,4.07019,,,103.20213166666667,,0.3128072676231348,498.13297,,50.70592,,,,23938.892087,46.73615,6776.10352,0.11170351176507257,0.6247702672141223,,74.9772,0.0,9.55139,9.783731833333333,,75.71469366666666,500.10901,,0.7553,0.2,53.21921,76.29059,,,52.24246466666667,498.84891516666664,500.91534,0.341258878516142,498.92145,0.42939172871166004,171.4040674390075,,0.42959570712499356,9.95355,0.38844112009530873
2024-12-22 07:00:00,3560.65,93.2,1.0,503.65546,36.968107333333336,4.0213055,,24134.38477,5698.85071,34.76986870996146,503.008688,45.67189,35.96738,45.94636166666667,,503.72076,,,,503.16095433333334,5811.92912,,0.4574283068760941,23986.50179,99.256,502.86926,4.01396,,,0.003779593927161585,,98.34113,37.72639,502.37405,0.26073209419639637,0.39472822955035247,502.10968,4.02815,,,98.77367016666668,,0.262869808485319,502.58541,,48.85992,,,,24053.30903466667,46.08424,5922.33041,0.09158965711720637,0.20124077514029895,,72.10526,,9.29993,9.490727999999999,,72.68111733333333,503.73761,,0.7562,,50.29658,73.10211,,,49.671148333333335,503.3439465,503.95577,0.30310014384363887,503.0837895,0.38759854299487645,52.77413522135182,,0.25049503757299457,9.69594,0.0756668852444637
2024-12-24 07:00:00,3607.4200000000005,92.7,1.0,504.83618,37.41728833333333,4.062606,,24088.7832,6651.71582,28.287994364361513,504.071197,47.88842,36.1553,48.002840500000005,12.7,504.52023,,,43.2,504.07140766666663,6758.072197,,0.3856958198834591,23954.21289,95.50148,503.72818,4.05694,,,0.002858853746829503,,94.65707,38.31323,502.9435,0.1816886826449077,0.3032330712113107,503.28512,4.06901,,,95.05181433333334,,0.21560790047544684,503.63298,,48.93492,,,44.1,24014.6875565,48.11429,6843.7026,0.05522888243073476,0.21678348414403611,,70.8511,,10.05405,10.179027166666666,0.01,71.28417183333333,504.6379,,0.7566,,50.26804,71.64871,,0.1,49.52764816666667,504.07401300000004,504.81497,0.3860015462532713,504.0245895,0.4468753929918063,47.2770567648283,,0.24121367639338806,10.30524,0.04706104612583156
2024-12-26 07:00:00,3603.75,92.4,1.0,509.66548,37.940047,4.060409,,24074.76465,6993.81348,37.341083485815524,508.9420576666667,47.83415,36.95587,48.01668766666667,,509.66949,,,,508.98248033333334,7067.5831085,,0.31710839486865694,23917.34961,94.29583,508.58145,4.0498,,,0.0038178020564681382,,93.70637,38.64484,508.16457,0.1314924846508741,0.3176827964450948,508.26971,4.06844,,,93.99992300000001,,0.3176521450879612,508.19009,,49.19232,,,,23997.634465,48.23339,7192.64355,0.06118538769349584,0.15849915863852165,,70.33762,0.0,10.35547,10.472491499999999,,71.095243,509.22665,,0.7567,0.3,50.59979,71.79214,,,49.81499566666666,508.91662916666667,509.55844,0.34572296355910603,508.9953203333333,0.40731288930114473,43.6450267855709,,0.33274006493575525,10.60655,0.0853947516818396
2024-12-29 07:00:00,3845.4300000000003,90.9,1.0,516.79535,38.56468516666666,3.9928673333333333,,24070.07845,3492.72856,35.84803739203543,513.2422201666667,45.67666,37.89961,46.0144435,,516.68512,,,,516.1198636666667,3790.840610333333,,0.32938886532740946,23916.73047,89.05194,512.81153,3.98593,,,0.0034315568768228184,,88.44196,39.40134,515.42034,0.14770994573271254,0.30217149058707554,512.45047,4.00152,,,88.73090833333335,,0.21778055606089067,515.65778,,47.70734,,,,23992.950945833334,46.13828,4007.25824,0.09463043603801992,0.21759517020500674,,69.09792,,9.80277,9.996376999999999,,69.59856533333333,513.57918,,0.7555,,48.96249,70.1568,,,48.326171333333335,513.2979801666667,513.85837,0.30791256810636436,516.0092056666666,0.31921206051453926,136.88231791831012,,0.2209735334253143,10.24245,0.07840435552638697
2024-12-31 07:00:00,3567.3999999999996,92.8,1.0,505.55516,40.0628045,4.024987,,24191.4873,3636.19044,92.41447265599243,490.91569983333335,45.58557,39.15659,46.050194000000005,10.9,490.95511,,,50.6,490.1149991666667,3966.133502333333,,0.5943614468058402,23896.32422,106.17453,488.91306,4.00995,,,0.00801022192290839,,105.03726,41.1617,503.83182,0.3396713579123052,0.578368679020747,489.40058,4.03798,,,105.56830933333335,,0.3649585506443871,489.33612,,45.66699,,,38.5,24036.310270666665,46.55437,4340.12927,0.072036935406164,0.6437938642231223,,69.00926,,9.95983,10.154865000000001,0.01,69.79507883333332,490.89784,,0.7536,,47.58983,70.38129,,0.1,46.783353000000005,489.8104223333333,491.71154,0.4929748104399962,504.5443926666667,0.44000516168168397,224.2742772107581,,0.48784634692125856,10.3021,0.2723074037298779
2025-01-02 07:00:00,3536.7799999999997,93.6,1.0,499.21643,37.86312,4.020670166666666,,24570.64258,4557.0835,292.09971797412686,498.1565761666667,45.70761,36.00897,46.20107816666667,,503.81119,,,,499.6707771666667,5684.123394333334,,0.7769183723391958,23673.72314,110.06113,497.12433,3.94042,,,0.05909700389582612,,108.19461,39.76312,496.98184,0.5266180680501864,1.0792336198690604,496.96033,4.15215,,,108.84145883333333,,1.1182172435329687,495.58426,,46.09146,,,,23996.854626666664,46.50274,6438.48352,0.09176314344134667,0.9414766693327631,,69.724,0.0,10.10429,10.273422,,71.94231333333333,499.76093,,0.7522,0.5,50.31763,73.56824,,,48.2290705,498.2749426666667,499.652,0.6203134318630724,498.07691166666666,1.115797134521674,598.6965871665396,,2.3264762650434525,10.45591,0.21244956938970186
2025-01-05 07:00:00,3676.21,92.4,1.0,502.63889,38.300750666666666,4.00622,,24184.62891,5626.95605,107.79442823176252,501.97419233333335,45.78648,37.1857,46.050759666666664,,502.41763,,,,502.04539,5810.488146333333,,0.2623316996254406,23794.11491,102.03546,501.59619,3.96466,,,0.02040975879909631,,101.43341,38.96796,501.21399,0.1762959633479135,0.28688750549068165,501.48255,4.03387,,,101.76606566666666,,0.2625167809486141,501.7161,,48.1095,,,,24007.273543333333,46.29045,6090.16418,0.05788953201894862,0.19926287598567197,,69.72507,,9.91585,10.1047625,,70.24322683333334,502.39143,,0.7523,,49.40315,70.79205,,,48.60665366666667,501.9881211666667,502.49428,0.30719658307873715,502.02117699999997,0.3524899040932667,91.22258905037252,,0.17854881578145218,10.25501,0.09519466022566862
2025-01-07 07:00:00,3808.23,91.7,1.0,507.97087,38.27132483333333,4.006764,,24093.48975,4564.42334,32.026891120466516,506.9934855,45.75401,36.88395,46.026311666666665,10.5,507.45633,,,50.2,507.117706,5864.797222166667,,0.2656491875682875,23902.68994,101.6716,506.30172,3.99749,,,0.006460822007837122,,100.40488,39.19443,505.91762,0.22205092534852475,0.24656244038038014,506.46058,4.01893,,,101.229646,,0.20707710220338316,506.14376,,48.06573,,,39.3,24014.347028333334,46.1565,6064.5542,0.08413727836202857,0.2878548286903107,,69.18362,,9.90329,10.092459999999999,0.01,69.987068,507.78796,,0.7519,,49.01586,70.28438,,0.1,48.482539333333335,507.35213116666665,507.5753,0.45521880098230494,507.14403316666665,0.49935169326614626,221.7185281894562,,0.2549400238022086,10.24245,0.06939892841371408
2025-01-09 07:00:00,3800.49,91.6,1.0,509.86651,38.249833833333334,3.9987601666666666,,24069.26807,5852.54926,38.13491853274775,509.1482711666667,45.70138,37.47467,46.139254666666666,,509.4649,,,,508.94469416666664,6059.3333410000005,,0.3236652068612168,23854.71289,97.02878,508.56329,3.99019,,,0.005355000036925829,,96.27515,39.32494,508.29273,0.1734194996799332,0.32353983209295106,508.45502,4.01097,,,96.7166095,,0.14802205021597675,508.63568,,47.65131,,,,23993.3551735,46.43055,6377.54675,0.13347868252576187,0.20988471220474667,,68.41541,0.0,9.85303,10.170066,,68.64215916666667,509.50297,,0.7519,0.7,49.02048,68.97858,,,48.323565333333335,508.9925328333333,509.65541,0.3970438203591951,508.909104,0.43584907022256086,158.08326475860002,,0.18770489186885658,10.49671,0.18724259509665503
2025-01-12 07:00:00,3966.5,90.2,1.0,516.51971,38.63023,3.989390333333333,,24079.40527,7317.90503,32.29909679958833,515.0771106666667,45.79345,37.52417,46.101981,,516.51779,,,,516.0707268333333,7393.759661499999,,0.32363309297832954,23892.59143,93.13376,514.59943,3.98183,,,0.0037475022039169382,,92.28508,39.29849,515.17175,0.24087885401296039,0.23258359088516986,514.52116,3.99926,,,92.7922925,,0.12354815327793801,515.70441,,47.45129,,,,23995.704706666664,46.28199,7494.83325,0.10450341682017084,0.2966697978014354,,67.62404,,10.72578,11.059684833333334,,67.8750125,515.62445,,0.7526,,48.40179,68.14066,,,47.872253666666666,515.2877125,515.64985,0.295245861367956,516.0475339999999,0.35372570331126724,43.387504379351576,,0.19906036981824363,11.28717,0.14069899947483508
2025-01-14 07:00:00,3647.0699999999997,92.8,1.0,514.4328,35.77237883333333,4.073233666666667,,24118.17773,5733.70703,58.807040816072224,513.7729638333334,46.43835,34.83535,47.106326833333334,10.7,513.67424,,,48.3,512.8007544999999,5949.586021166667,,0.5712968742481526,23832.23596,107.13116,494.48538,4.048,,,0.013619589078480739,,105.86594,36.44528,513.12406,0.3401578424011484,0.5397872439617419,512.77515,4.1055,,,106.30002766666667,,0.291760492853002,511.93164,,48.62248,,,41.0,23969.071644833333,47.39625,6109.57437,0.10932751382266075,0.45022799675830044,,72.96627,,10.90774,11.110906,0.01,73.43472,496.23703,,0.7531,,51.07394,73.89907,,0.1,49.2995505,495.1777083333333,515.71899,0.29874737238924176,513.7266508333333,0.36157822038659576,86.91882005876514,,0.5713523408678253,11.35928,0.14576832555075178
2025-01-16 07:00:00,3515.43,94.0,1.0,504.54465,41.183908833333334,4.078897,,24136.56445,5093.89502,45.432759012084034,496.12623683333334,46.98828,40.57451,47.12355283333333,,496.6773,,,,496.1462398333333,5185.155247333333,,0.2675327696290547,23975.89746,112.67938,495.66937,4.06613,,,0.008195847294901857,,111.83398,41.74323,503.52796,0.2284667975938649,0.2372485482964753,495.49453,4.09506,,,112.1225715,,0.21982346375792253,495.7312,,47.591,,,,24035.572062,47.23672,5301.21777,0.07519876246483752,0.2909105416339788,,70.99036,0.0,11.35928,11.521161833333334,,71.48703466666667,496.69791,,0.7537,0.5,48.52908,71.91967,,,48.00366416666667,496.0659063333333,496.64952,0.2815494176221734,504.083276,0.3128508665731401,48.657463548800024,,0.22535440150181482,11.69774,0.065979941150389
2025-01-19 07:00:00,3594.1,93.3,1.0,502.00986,38.635811,4.0575345,,24189.39648,3223.73218,122.89980751085126,501.3386308333333,46.60246,37.27914,46.882468833333334,,502.48438,,,,501.36571533333336,4856.556126333334,,0.8923714214142815,23634.71167,106.78677,500.96813,3.98946,,,0.022963965465817544,,105.32059,39.95215,499.85373,0.413148838191047,0.695380245028992,499.46164,4.09345,,,105.81701716666666,,0.4246953549165412,500.71844,,47.83583,,,,24006.070723333334,47.15438,5609.6178,0.07620225788338132,0.5786127929822938,,71.47459,,11.40943,11.655335500000001,,72.15308266666668,502.75697,,0.7547,,50.95524,73.24237,,,49.44062383333333,501.57697649999994,502.68311,0.4682772159681637,501.1598218333333,0.5348023883473535,997.6367369398935,,0.4757516456590613,11.8074,0.11040344325095265
2025-01-21 07:00:00,3658.2400000000002,92.9,1.0,504.55649,39.039359833333336,4.057539833333333,,24145.79492,5680.02695,66.65230272282668,504.05167983333337,46.77606,38.12451,46.9369115,11.2,504.67023,,,47.7,504.168455,5926.796521333334,,0.37376490352458924,23881.81384,102.56847,503.84232,4.03547,,,0.011091652303385676,,101.72006,39.48486,503.18652,0.18437909931638097,0.3624610250910524,503.44566,4.08005,,,102.26554616666667,,0.23854771830081783,503.71902,,48.62916,,,41.2,24023.983559666667,47.11648,6243.41821,0.11093956749886856,0.1781215769185584,,70.76325,,11.10846,11.411250666666666,0.01,71.2695445,504.55682,,0.7547,,50.31894,71.6878,,0.1,49.444544666666665,504.2009256666667,504.94222,0.2604512463847414,504.0615358333333,0.28964523950475723,140.8110783840196,,0.23212575114378908,11.59747,0.07075587569361019
2025-01-23 07:00:00,3458.2799999999997,93.6,1.0,505.7449,40.184185166666666,4.096232666666666,,24183.77539,5501.9165,96.62730713396618,504.9708866666667,46.78617,39.30625,47.069500999999995,,505.6642,,,,505.115157,5728.0878455,,0.5991578474873118,23836.46606,103.87842,504.45983,4.07279,,,0.01600932745775843,,103.12769,40.89212,504.3387,0.1865597572676153,0.5311540400603472,503.02219,4.12224,,,103.43062433333333,,0.23694788638099426,504.39621,,50.92319,,,,24027.449774333334,47.29059,5877.34131,0.09519250467870731,0.2826503730497822,,74.93137,0.0,11.66014,11.818774333333332,,75.30225650000001,505.49538,,0.7582,0.5,53.17541,75.8521,,,52.33851766666667,505.0549125,505.79782,0.38287506139982236,505.11250233333334,0.41297004747745386,102.87961097810495,,0.3631858018453289,12.05484,0.11511500520224206
2025-01-26 07:00:00,4324.48,87.7,1.0,509.592,40.1875,4.072310333333333,,24087.76184,5984.00061,25.96976781181427,509.1354626666667,46.76028,39.40864,46.96993766666667,,509.70477,,,,509.16489583333333,6119.052746833333,,0.3114319718075668,23980.26367,98.56248,508.98688,4.06436,,,0.0033599858588619093,,98.01997,40.87477,508.33053,0.15807653472093877,0.29883855445845586,508.4271,4.08045,,,98.28509333333334,,0.20524354122657637,508.64668,,50.15933,,,,24028.961594666664,47.20605,6243.88223,0.7286178060961119,0.18104370548615006,,70.92401,,7.13982,7.703004166666667,,71.36840483333334,509.6409,,0.7561,,51.49054,71.78335,,,50.91466283333333,509.28990766666664,509.62165,0.2745082832094404,509.0842695,0.317527305528094,49.11119939374296,,0.22748616805254118,9.44139,0.11465232962908622
2025-01-28 07:00:00,3785.57,91.2,1.0,513.65562,40.53134933333333,4.065236666666666,,24093.23462,6846.96445,31.60848612727435,513.0181369999999,47.10102,39.91296,47.24930483333333,9.8,513.67072,,,46.9,513.0917453333334,7011.867793333334,,0.28815438627554973,23951.63367,96.13498,512.48107,4.05735,,,0.004698422983413969,,95.308,41.03062,512.44733,0.20907703855452858,0.1873695978944866,512.54321,4.07957,,,95.72411033333333,,0.21449626054554935,512.64237,,50.32098,,,43.3,24029.918737499996,47.4766,7164.44543,0.21254171678628997,0.2694403417379904,,69.55229,,17.25415,17.523114666666668,0.01,69.96696133333333,513.42899,,0.7562,,51.10988,70.39221,,0.1,50.63471533333333,513.02703,513.52915,0.27227550393327576,513.0550945,0.2732551931298461,68.17415031141755,,0.29206152895666604,17.97545,0.0798229666515591
2025-01-30 07:00:00,3808.48,91.2,1.0,517.13825,40.504864833333336,4.053973,,24163.04541,6573.73572,77.78187321761052,516.1434093333334,46.55836,39.23315,46.930299,,517.16017,,,,516.1551465,6750.608450166666,,0.32801066637196186,23865.87903,93.69788,515.56787,4.0259,,,0.013627220304241837,,92.28928,41.20918,515.37373,0.34869953486814426,0.2594328889377703,515.60555,4.0729,,,92.66494383333334,,0.23944800371484115,515.56343,,49.02332,,,,24030.409670166668,47.13816,7039.22772,0.13941447984520397,0.6018939141066215,,66.8389,0.0,15.1113,15.378946000000001,,67.37765183333333,517.96184,,0.7556,0.6,50.11928,68.00055,,,49.657108666666666,516.3294955,516.90175,0.3936260902923903,516.1308493333333,0.4847080582619202,110.2627080057834,,0.405202761032781,15.64756,0.14023817976353514
2025-02-02 07:00:00,3348.9199999999996,94.8,1.0,508.07797,43.14269933333333,4.122711166666667,,24212.31689,7007.21069,89.35280809127634,495.32234733333337,46.90918,42.29971,47.082923,,496.22124,,,,495.05386949999996,7189.400246833334,,0.47047632256520855,23841.17993,108.65812,494.2233,4.11398,,,0.004429353203601921,,104.25647,43.58958,506.91299,1.1051646856700104,0.48602629026130845,494.28306,4.13425,,,105.87781766666667,,0.5980996273249048,493.5372,,54.3658,,,,24025.211741,47.20632,7399.55225,0.09339432447626812,0.24595505946445462,,84.45465,,14.48102,14.867548833333334,,85.9477165,495.19234,,0.7585,,56.94915,86.93183,,,55.640229500000004,494.7498513333333,496.38907,0.2636797723568506,507.561113,0.30290695194816336,96.698792812065,,0.5992026443431923,15.03644,0.05818113714650863
2025-02-04 07:00:00,3718.3199999999997,92.1,1.0,492.45722,39.04279066666666,3.9693458333333336,,24078.83398,7365.646,47.85630113375902,492.05110716666667,42.70289,38.63489,43.086000166666665,8.6,492.52548,,,45.1,492.0374708333333,7560.105708,,0.2776876813676754,23909.12093,101.38202,491.22166,3.95287,,,0.007529073882694582,,100.37936,39.57268,491.72482,0.266583934549007,0.2530829547762529,491.58376,3.98282,,,100.86173283333332,,0.19922855008141305,491.48819,,52.853,,,46.4,24006.414088166668,43.3831,7841.28125,0.15048626838748827,0.3969172816231752,,81.21808,,35.14325,35.36866783333333,0.01,81.6064095,492.71692,,0.7548,,53.8495,82.05076,,0.1,53.410025166666664,491.9921228333333,492.66119,0.14858658366298233,491.99154166666665,0.2522343695371788,117.21867816640214,,0.24176955951787568,35.66846,0.21649806732993102
2025-02-06 07:00:00,3649.96,93.2,1.0,499.67975,40.12908633333333,3.948016,,25302.70508,10684.80802,23.88910478342031,498.71485049999995,42.7211,39.32128,42.998279499999995,,499.37814,,,,498.6724771666667,10965.249644833333,,0.38089631760383535,25180.95866,98.45131,497.28162,3.94303,,,0.002422948337061127,,96.80484,40.74808,498.26708,0.4446258386758443,0.33171370600884714,497.86478,3.95221,,,97.90309566666666,,0.41688359796856805,497.56917,,50.79967,,,,25244.016716,43.18624,11115.53052,0.04857893971973611,0.5190026722582369,,76.26711,0.2,14.3624,14.503012333333334,,77.38069416666667,499.14867,,0.7505,1.0,52.32791,77.82671,,,51.82859466666667,498.4977891666667,499.50381,0.3235129528409014,498.9230053333333,0.3346346004426999,80.78260572295483,,0.5032828231672722,14.56218,0.09055609952268638
2025-02-09 07:00:00,3641.3399999999997,92.8,1.0,499.64664,39.63177116666667,3.8640915000000002,,24073.8125,9686.62579,35.65790324583801,498.95656299999996,39.77564,38.8719,39.94302833333334,,499.4126,,,,499.00911633333334,10162.035564666667,,0.18486538518150888,23902.31641,92.93417,498.6813,3.85651,,,0.0027393960889588024,,92.21889,40.32593,498.39825,0.15611975222719432,0.16392625001966182,498.61517,3.87002,,,92.52381466666667,,0.16646854134324604,498.51871,,50.31149,,,,23988.484012666668,40.04981,10671.33252,0.07661549782079154,0.17072432687159073,,74.32056,,14.31869,14.485912333333333,,74.660908,499.40866,,0.7527,,51.0386,74.97726,,,50.69461450000001,498.989748,499.3654,0.3099815028370303,499.0196135,0.3491874637317737,206.1303745054927,,0.20342211804118862,14.61212,0.05379416016968229
2025-02-11 07:00:00,3711.9900000000002,91.9,1.0,505.71236,40.09241866666667,3.872081666666667,,24129.70801,9706.01904,102.7122558214283,504.8243915,39.83625,39.15229,40.104277499999995,7.9,505.30222,,,48.5,504.67416783333334,10298.344130166666,,0.5075919519230419,23773.42297,93.78856,503.72634,3.86581,,,0.003778203844922404,,92.09976,40.91571,503.59813,0.38484081055831615,0.4366594036371069,503.80328,3.88013,,,92.685,,0.3330476392360023,503.57355,,50.60739,,,43.5,23967.28641466667,40.31095,10782.28027,0.28522609532773036,0.4962956461402908,,74.18069,,13.97518,14.446634833333333,0.01,75.060634,505.81749,,0.7529,,52.5075,75.63507,,0.1,51.30648683333333,504.5185486666667,505.92601,0.5519193292597006,504.86297883333333,0.4748467348362329,224.86988037882463,,0.43902821498491823,14.7619,0.11418316929946613
2025-02-13 07:00:00,3747.2799999999997,91.8,1.0,511.70457,39.513433166666665,3.863655666666667,,24082.01172,10322.82137,32.2546534136828,510.29031066666664,39.7108,38.55109,40.02113266666667,,510.9758,,,,510.3849261666667,10621.962121833332,,0.29407133526286783,23909.39583,93.47228,509.62501,3.8381,,,0.00921064387352885,,91.8886,40.94386,509.55537,0.3663488634527403,0.3249243569570541,509.52537,3.87646,,,92.62866166666666,,0.2449320833475311,509.67804,,50.47077,,,,23992.929919833332,40.19971,10841.34375,0.09596779092089802,0.4814104106683567,,73.90253,0.0,13.9252,14.163308,,74.4607175,511.59735,,0.7531,0.6,51.91367,74.9816,,,51.31138466666666,510.65458533333333,510.97025,0.49386932581054777,510.2295261666667,0.5225432734022496,145.33967832693307,,0.35994216411166935,14.3624,0.11894803628114799
2025-02-16 07:00:00,3663.9700000000003,92.5,1.0,513.69644,39.300435666666665,3.9677835000000004,,24047.65674,4289.50598,17.642246641703046,512.9372344999999,42.73384,38.74106,42.91304266666667,,511.99298,,,,511.28014700000006,4379.381825333333,,0.20506847203256434,23965.41797,90.67203,494.73798,3.96138,,,0.003000089165341392,,89.99207,39.94933,512.56244,0.17500783688376845,0.26726377934569195,512.53506,3.9745,,,90.35768566666667,,0.19566304793122294,510.5145,,54.06006,,,,24004.817581833333,43.06379,4525.18587,0.08148441815952492,0.20034433491728357,,89.61397,,12.96246,13.1122315,,90.01195716666666,495.49371,,0.7489,,54.96268,90.45862,,,54.581250833333335,495.08823233333334,513.30224,0.2399574282262991,513.0572531666667,0.26764806877034875,46.30185635516759,,0.45132484697753605,13.26267,0.08790088252515037
2025-02-18 07:00:00,3440.85,94.1,1.0,503.93405,44.371812,3.9774960000000004,,24103.18555,3369.36011,37.579270340740166,494.0845753333333,42.44447,43.75055,42.99475399999999,7.1,494.58129,,,47.2,494.094703,3526.8713648333337,,0.20402600949569072,23925.48584,96.82682,493.25618,3.96887,,,0.004583193025073689,,95.49571,44.76669,503.1292,0.2992714594883719,0.22437556381648427,493.6846,3.9867,,,96.11207966666667,,0.24907095847192692,493.64439,,52.84181,,,45.7,24033.778769,43.27501,3759.88818,0.08738558320943467,0.35500081420208973,,83.65707,,12.8582,12.996307833333333,0.01,84.12231466666667,494.60661,,0.7501,,53.8266,84.66573,,0.1,53.234075999999995,493.9584835,494.48575,0.20889140395852435,503.6356288333333,0.2561344489752682,72.3156256519249,,0.23625297561252973,13.18763,0.17403329276464719
2025-02-20 07:00:00,3498.98,93.8,1.0,500.57205,40.875686333333334,3.9635326666666666,,24132.48828,5630.37256,57.95954857834168,500.10407200000003,42.17433,40.23209,42.87841283333333,,500.73245,,,,500.1017115,5744.797269833333,,0.321044629670083,23916.70215,97.59131,499.59429,3.95514,,,0.004726218206036734,,96.64938,41.35797,499.17236,0.24004491037407322,0.22903015002618637,499.43658,3.97078,,,97.08383366666666,,0.20716173938925073,499.64679,,54.94583,,,,24032.48537883333,43.11467,5854.18384,0.1129473539473149,0.3158797172658413,,83.74911,0.0,12.46602,12.692094166666667,,84.23750100000001,500.87074,,0.75,0.5,56.02062,84.73413,,,55.471736,500.33651216666664,500.70933,0.3226762385682776,500.04466916666667,0.2909249354693632,64.90408837514599,,0.25228961815720935,12.88739,0.14533075012712837
2025-02-23 07:00:00,3647.0699999999997,92.8,1.0,501.53137,41.765945333333335,3.9425725,,24122.51855,5938.56116,53.066089979693366,501.0192295,42.43646,41.12347,42.745778666666666,,501.70535,,,,501.0429063333333,6065.531886,,0.15719975621476587,23923.24333,88.35435,500.58334,3.92786,,,0.009366688292895685,,87.55707,42.34302,500.49207,0.16349970740129322,0.2137271339459393,500.76462,3.96304,,,87.99331316666667,,0.2717290574562719,500.59796,,55.14175,,,,24022.951489166666,43.19501,6235.44316,0.1291368724269944,0.28357259707619714,,79.35123,,12.22393,12.476926333333333,,79.89773816666666,501.68239,,0.751,,55.93912,80.46533,,,55.538845,501.111559,501.30679,0.26098288678938786,500.9905361666667,0.30136458535578803,65.71336512218892,,0.3078956515398802,12.80397,0.1627529280578742
2025-02-25 07:00:00,3597.74,92.5,1.0,505.7247,42.11260466666667,3.9392945000000004,,24148.36523,6723.21777,69.94104933535486,505.0264408333333,42.84469,41.75917,43.1674885,7.5,505.62047,,,51.0,505.07343783333334,7153.716538666667,,0.3528707477455953,23899.86556,87.2673,503.90614,3.92142,,,0.010521124098124232,,85.71918,42.48621,504.6456,0.35508336272050744,0.3550710585453254,504.56601,3.95684,,,86.63928933333334,,0.18527847961476665,504.70846,,54.5578,,,41.5,24023.3432225,43.38241,7537.02881,0.10659496120472792,0.4888284581111247,,77.60486,,12.76226,12.999085000000001,0.01,77.91751133333334,505.99835,,0.7492,,56.21144,78.35544,,0.1,55.07288066666667,504.98843316666665,505.98806,0.2894053366606968,505.06081266666666,0.2212317414813478,177.1065677047475,,0.2249187175674408,13.20431,0.11825450083991998
2025-02-27 07:00:00,3791.61,91.7,1.0,508.46933,42.4129865,3.938681166666667,,24069.95898,6137.85754,33.62581228991995,508.0735056666666,42.65079,41.77256,43.03118033333333,,508.40099,,,,508.05903433333333,6270.765096166667,,0.22665646703480496,23896.79557,87.12708,507.98627,3.92177,,,0.006367378752292075,,86.39201,42.91028,507.46156,0.1924704710682127,0.23085697531681476,507.6631,3.95186,,,86.73240200000001,,0.19118367050885646,507.67036,,54.58328,,,,24013.335720833333,43.2012,6402.77148,0.19496376586512412,0.16384488734959352,,76.24579,0.0,10.37221,10.872298833333334,,76.5751255,508.70154,,0.7495,0.5,55.56848,76.91446,,,55.01866466666667,508.2966925,508.57787,0.2037688654622023,508.0664826666667,0.2382684973794769,70.12461822659718,,0.2002811634894835,11.23388,0.09883103679404086
